1001,1001,1001,2024-12-08 17:14:23.109,[setup wizard],2024-12-08 17:14:23.109,[setup wizard],1733645663109
1002,1002,1001,2024-12-08 17:14:23.13,[setup wizard],2024-12-08 17:14:23.13,[setup wizard],1733645663130
1003,1003,1001,2024-12-08 17:14:23.135,[setup wizard],2024-12-08 17:14:23.135,[setup wizard],1733645663135
1004,1004,1001,2024-12-08 17:14:23.14,[setup wizard],2024-12-08 17:14:23.14,[setup wizard],1733645663140
1005,1005,1001,2024-12-08 17:14:23.146,[setup wizard],2024-12-08 17:14:23.146,[setup wizard],1733645663146
1006,1006,1001,2024-12-08 17:14:23.158,[setup wizard],2024-12-08 17:14:23.158,[setup wizard],1733645663158
1007,1007,1001,2024-12-08 17:14:23.168,[setup wizard],2024-12-08 17:14:23.168,[setup wizard],1733645663168
1008,1008,1001,2024-12-08 17:14:23.172,[setup wizard],2024-12-08 17:14:23.172,[setup wizard],1733645663172
1009,1009,1001,2024-12-08 17:14:23.177,[setup wizard],2024-12-08 17:14:23.177,[setup wizard],1733645663177
1010,1010,1001,2024-12-08 17:14:23.182,[setup wizard],2024-12-08 17:14:23.182,[setup wizard],1733645663182
1011,1011,1001,2024-12-08 19:13:50.353,[system] (print),2024-12-08 19:13:50.353,[system] (print),1733652830353
2002,2002,1001,2024-12-15 15:21:31.65,[system] (api),2024-12-15 15:21:31.65,[system] (api),1734243691650
2003,2003,1001,2024-12-15 15:21:33.498,[system] (api),2024-12-15 15:21:33.498,[system] (api),1734243693498
2004,2004,1001,2024-12-15 15:21:35.25,[system] (api),2024-12-15 15:21:35.25,[system] (api),1734243695250
2005,2005,1001,2024-12-15 15:21:37.037,[system] (api),2024-12-15 15:21:37.037,[system] (api),1734243697037
2006,2006,1001,2024-12-15 15:21:38.831,[system] (api),2024-12-15 15:21:38.831,[system] (api),1734243698831
2007,2007,1001,2024-12-15 15:21:40.611,[system] (api),2024-12-15 15:21:40.611,[system] (api),1734243700611
2008,2008,1001,2024-12-15 15:21:42.383,[system] (api),2024-12-15 15:21:42.383,[system] (api),1734243702383
2009,2009,1001,2024-12-15 15:21:44.22,[system] (api),2024-12-15 15:21:44.22,[system] (api),1734243704220
2010,2010,1001,2024-12-15 15:21:46.08,[system] (api),2024-12-15 15:21:46.08,[system] (api),1734243706080
2011,2011,1001,2024-12-15 15:21:47.829,[system] (api),2024-12-15 15:21:47.829,[system] (api),1734243707829
2012,2012,1001,2024-12-15 15:21:49.594,[system] (api),2024-12-15 15:21:49.594,[system] (api),1734243709594
2013,2013,1001,2024-12-15 15:21:51.392,[system] (api),2024-12-15 15:21:51.392,[system] (api),1734243711392
2014,2014,1001,2024-12-15 15:21:53.191,[system] (api),2024-12-15 15:21:53.191,[system] (api),1734243713191
2015,2015,1001,2024-12-15 15:21:55.072,[system] (api),2024-12-15 15:21:55.072,[system] (api),1734243715072
2016,2016,1001,2024-12-15 15:21:56.922,[system] (api),2024-12-15 15:21:56.922,[system] (api),1734243716922
2017,2017,1001,2024-12-15 15:21:58.681,[system] (api),2024-12-15 15:21:58.681,[system] (api),1734243718681
2018,2018,1001,2024-12-15 15:22:00.452,[system] (api),2024-12-15 15:22:00.452,[system] (api),1734243720452
2019,2019,1001,2024-12-15 15:22:02.233,[system] (api),2024-12-15 15:22:02.233,[system] (api),1734243722233
2020,2020,1001,2024-12-15 15:22:03.992,[system] (api),2024-12-15 15:22:03.992,[system] (api),1734243723992
2021,2021,1001,2024-12-15 15:22:05.753,[system] (api),2024-12-15 15:22:05.753,[system] (api),1734243725753
2022,2022,1001,2024-12-15 15:22:07.531,[system] (api),2024-12-15 15:22:07.531,[system] (api),1734243727531
2023,2023,1001,2024-12-15 15:22:09.261,[system] (api),2024-12-15 15:22:09.261,[system] (api),1734243729261
2024,2024,1001,2024-12-15 15:22:11.013,[system] (api),2024-12-15 15:22:11.013,[system] (api),1734243731013
2025,2025,1001,2024-12-15 15:22:12.811,[system] (api),2024-12-15 15:22:12.811,[system] (api),1734243732811
2026,2026,1001,2024-12-15 15:22:14.607,[system] (api),2024-12-15 15:22:14.607,[system] (api),1734243734607
2027,2027,1001,2024-12-15 15:22:16.412,[system] (api),2024-12-15 15:22:16.412,[system] (api),1734243736412
2028,2028,1001,2024-12-15 15:22:18.195,[system] (api),2024-12-15 15:22:18.195,[system] (api),1734243738195
2029,2029,1001,2024-12-15 15:22:19.956,[system] (api),2024-12-15 15:22:19.956,[system] (api),1734243739956
2030,2030,1001,2024-12-15 15:22:21.724,[system] (api),2024-12-15 15:22:21.724,[system] (api),1734243741724
2031,2031,1001,2024-12-15 15:22:23.49,[system] (api),2024-12-15 15:22:23.49,[system] (api),1734243743490
2032,2032,1001,2024-12-15 15:22:25.267,[system] (api),2024-12-15 15:22:25.267,[system] (api),1734243745267
2033,2033,1001,2024-12-15 15:22:27.1,[system] (api),2024-12-15 15:22:27.1,[system] (api),1734243747100
2034,2034,1001,2024-12-15 15:22:28.841,[system] (api),2024-12-15 15:22:28.841,[system] (api),1734243748841
2035,2035,1001,2024-12-15 15:22:30.62,[system] (api),2024-12-15 15:22:30.62,[system] (api),1734243750620
2036,2036,1001,2024-12-15 15:22:32.361,[system] (api),2024-12-15 15:22:32.361,[system] (api),1734243752361
2037,2037,1001,2024-12-15 15:22:34.097,[system] (api),2024-12-15 15:22:34.097,[system] (api),1734243754097
2038,2038,1001,2024-12-15 15:22:35.92,[system] (api),2024-12-15 15:22:35.92,[system] (api),1734243755920
2039,2039,1001,2024-12-15 15:22:37.684,[system] (api),2024-12-15 15:22:37.684,[system] (api),1734243757684
2040,2040,1001,2024-12-15 15:22:39.431,[system] (api),2024-12-15 15:22:39.431,[system] (api),1734243759431
2041,2041,1001,2024-12-15 15:22:41.234,[system] (api),2024-12-15 15:22:41.234,[system] (api),1734243761234
2042,2042,1001,2024-12-15 15:22:42.962,[system] (api),2024-12-15 15:22:42.962,[system] (api),1734243762962
2043,2043,1001,2024-12-15 15:22:44.737,[system] (api),2024-12-15 15:22:44.737,[system] (api),1734243764737
2044,2044,1001,2024-12-15 15:22:46.728,[system] (api),2024-12-15 15:22:46.728,[system] (api),1734243766728
2045,2045,1001,2024-12-15 15:22:48.555,[system] (api),2024-12-15 15:22:48.555,[system] (api),1734243768555
2046,2046,1001,2024-12-15 15:22:50.388,[system] (api),2024-12-15 15:22:50.388,[system] (api),1734243770388
2047,2047,1001,2024-12-15 15:22:52.237,[system] (api),2024-12-15 15:22:52.237,[system] (api),1734243772237
2048,2048,1001,2024-12-15 15:22:54.177,[system] (api),2024-12-15 15:22:54.177,[system] (api),1734243774177
2049,2049,1001,2024-12-15 15:22:55.943,[system] (api),2024-12-15 15:22:55.943,[system] (api),1734243775943
2050,2050,1001,2024-12-15 15:22:57.757,[system] (api),2024-12-15 15:22:57.757,[system] (api),1734243777757
2051,2051,1001,2024-12-15 15:22:59.529,[system] (api),2024-12-15 15:22:59.529,[system] (api),1734243779529
2052,2052,1001,2024-12-15 15:23:01.357,[system] (api),2024-12-15 15:23:01.357,[system] (api),1734243781357
2053,2053,1001,2024-12-15 15:23:03.161,[system] (api),2024-12-15 15:23:03.161,[system] (api),1734243783161
2054,2054,1001,2024-12-15 15:23:04.88,[system] (api),2024-12-15 15:23:04.88,[system] (api),1734243784880
2055,2055,1001,2024-12-15 15:23:06.667,[system] (api),2024-12-15 15:23:06.667,[system] (api),1734243786667
2056,2056,1001,2024-12-15 15:23:08.459,[system] (api),2024-12-15 15:23:08.459,[system] (api),1734243788459
2057,2057,1001,2024-12-15 15:23:10.263,[system] (api),2024-12-15 15:23:10.263,[system] (api),1734243790263
2058,2058,1001,2024-12-15 15:23:12.117,[system] (api),2024-12-15 15:23:12.117,[system] (api),1734243792117
2059,2059,1001,2024-12-15 15:23:13.941,[system] (api),2024-12-15 15:23:13.941,[system] (api),1734243793941
2060,2060,1001,2024-12-15 15:23:15.72,[system] (api),2024-12-15 15:23:15.72,[system] (api),1734243795720
2061,2061,1001,2024-12-15 15:23:17.515,[system] (api),2024-12-15 15:23:17.515,[system] (api),1734243797515
2062,2062,1001,2024-12-15 15:23:19.262,[system] (api),2024-12-15 15:23:19.262,[system] (api),1734243799262
2063,2063,1001,2024-12-15 15:23:21.067,[system] (api),2024-12-15 15:23:21.067,[system] (api),1734243801067
2064,2064,1001,2024-12-15 15:23:22.857,[system] (api),2024-12-15 15:23:22.857,[system] (api),1734243802857
2065,2065,1001,2024-12-15 15:23:24.595,[system] (api),2024-12-15 15:23:24.595,[system] (api),1734243804595
2066,2066,1001,2024-12-15 15:23:26.381,[system] (api),2024-12-15 15:23:26.381,[system] (api),1734243806381
2067,2067,1001,2024-12-15 15:23:28.146,[system] (api),2024-12-15 15:23:28.146,[system] (api),1734243808146
2068,2068,1001,2024-12-15 15:23:29.907,[system] (api),2024-12-15 15:23:29.907,[system] (api),1734243809907
2069,2069,1001,2024-12-15 15:23:31.702,[system] (api),2024-12-15 15:23:31.702,[system] (api),1734243811702
2070,2070,1001,2024-12-15 15:23:33.475,[system] (api),2024-12-15 15:23:33.475,[system] (api),1734243813475
2071,2071,1001,2024-12-15 15:23:35.294,[system] (api),2024-12-15 15:23:35.294,[system] (api),1734243815294
2072,2072,1001,2024-12-15 15:23:37.07,[system] (api),2024-12-15 15:23:37.07,[system] (api),1734243817070
2073,2073,1001,2024-12-15 15:23:38.835,[system] (api),2024-12-15 15:23:38.835,[system] (api),1734243818835
2074,2074,1001,2024-12-15 15:23:40.629,[system] (api),2024-12-15 15:23:40.629,[system] (api),1734243820629
2075,2075,1001,2024-12-15 15:23:42.402,[system] (api),2024-12-15 15:23:42.402,[system] (api),1734243822402
2076,2076,1001,2024-12-15 15:23:44.182,[system] (api),2024-12-15 15:23:44.182,[system] (api),1734243824182
2077,2077,1001,2024-12-15 15:23:45.945,[system] (api),2024-12-15 15:23:45.945,[system] (api),1734243825945
2078,2078,1001,2024-12-15 15:23:47.709,[system] (api),2024-12-15 15:23:47.709,[system] (api),1734243827709
2079,2079,1001,2024-12-15 15:23:49.471,[system] (api),2024-12-15 15:23:49.471,[system] (api),1734243829471
2080,2080,1001,2024-12-15 15:23:51.272,[system] (api),2024-12-15 15:23:51.272,[system] (api),1734243831272
2081,2081,1001,2024-12-15 15:23:53.034,[system] (api),2024-12-15 15:23:53.034,[system] (api),1734243833034
2082,2082,1001,2024-12-15 15:23:54.807,[system] (api),2024-12-15 15:23:54.807,[system] (api),1734243834807
2083,2083,1001,2024-12-15 15:23:56.57,[system] (api),2024-12-15 15:23:56.57,[system] (api),1734243836570
2084,2084,1001,2024-12-15 15:23:58.358,[system] (api),2024-12-15 15:23:58.358,[system] (api),1734243838358
2085,2085,1001,2024-12-15 15:24:00.104,[system] (api),2024-12-15 15:24:00.104,[system] (api),1734243840104
2086,2086,1001,2024-12-15 15:24:01.921,[system] (api),2024-12-15 15:24:01.921,[system] (api),1734243841921
2087,2087,1001,2024-12-15 15:24:03.649,[system] (api),2024-12-15 15:24:03.649,[system] (api),1734243843649
2088,2088,1001,2024-12-15 15:24:05.448,[system] (api),2024-12-15 15:24:05.448,[system] (api),1734243845448
2089,2089,1001,2024-12-15 15:24:07.256,[system] (api),2024-12-15 15:24:07.256,[system] (api),1734243847256
2090,2090,1001,2024-12-15 15:24:09.034,[system] (api),2024-12-15 15:24:09.034,[system] (api),1734243849034
2091,2091,1001,2024-12-15 15:24:10.797,[system] (api),2024-12-15 15:24:10.797,[system] (api),1734243850797
2092,2092,1001,2024-12-15 15:24:12.626,[system] (api),2024-12-15 15:24:12.626,[system] (api),1734243852626
2093,2093,1001,2024-12-15 15:24:14.468,[system] (api),2024-12-15 15:24:14.468,[system] (api),1734243854468
2094,2094,1001,2024-12-15 15:24:16.246,[system] (api),2024-12-15 15:24:16.246,[system] (api),1734243856246
2095,2095,1001,2024-12-15 15:24:18.004,[system] (api),2024-12-15 15:24:18.004,[system] (api),1734243858004
2096,2096,1001,2024-12-15 15:24:19.77,[system] (api),2024-12-15 15:24:19.77,[system] (api),1734243859770
2097,2097,1001,2024-12-15 15:24:21.565,[system] (api),2024-12-15 15:24:21.565,[system] (api),1734243861565
2098,2098,1001,2024-12-15 15:24:23.284,[system] (api),2024-12-15 15:24:23.284,[system] (api),1734243863284
2099,2099,1001,2024-12-15 15:24:25.044,[system] (api),2024-12-15 15:24:25.044,[system] (api),1734243865044
2100,2100,1001,2024-12-15 15:24:26.832,[system] (api),2024-12-15 15:24:26.832,[system] (api),1734243866832
2101,2101,1001,2024-12-15 15:24:28.671,[system] (api),2024-12-15 15:24:28.671,[system] (api),1734243868671
2102,2102,1001,2024-12-15 15:24:30.426,[system] (api),2024-12-15 15:24:30.426,[system] (api),1734243870426
2103,2103,1001,2024-12-15 15:24:32.209,[system] (api),2024-12-15 15:24:32.209,[system] (api),1734243872209
2104,2104,1001,2024-12-15 15:24:34.013,[system] (api),2024-12-15 15:24:34.013,[system] (api),1734243874013
2105,2105,1001,2024-12-15 15:24:35.788,[system] (api),2024-12-15 15:24:35.788,[system] (api),1734243875788
2106,2106,1001,2024-12-15 15:24:37.559,[system] (api),2024-12-15 15:24:37.559,[system] (api),1734243877559
2107,2107,1001,2024-12-15 15:24:39.34,[system] (api),2024-12-15 15:24:39.34,[system] (api),1734243879340
2108,2108,1001,2024-12-15 15:24:41.142,[system] (api),2024-12-15 15:24:41.142,[system] (api),1734243881142
2109,2109,1001,2024-12-15 15:24:42.898,[system] (api),2024-12-15 15:24:42.898,[system] (api),1734243882898
2110,2110,1001,2024-12-15 15:24:44.675,[system] (api),2024-12-15 15:24:44.675,[system] (api),1734243884675
2111,2111,1001,2024-12-15 15:24:46.445,[system] (api),2024-12-15 15:24:46.445,[system] (api),1734243886445
2112,2112,1001,2024-12-15 15:24:48.229,[system] (api),2024-12-15 15:24:48.229,[system] (api),1734243888229
2113,2113,1001,2024-12-15 15:24:49.955,[system] (api),2024-12-15 15:24:49.955,[system] (api),1734243889955
2114,2114,1001,2024-12-15 15:24:51.714,[system] (api),2024-12-15 15:24:51.714,[system] (api),1734243891714
2115,2115,1001,2024-12-15 15:24:53.487,[system] (api),2024-12-15 15:24:53.487,[system] (api),1734243893487
2116,2116,1001,2024-12-15 15:24:55.297,[system] (api),2024-12-15 15:24:55.297,[system] (api),1734243895297
2117,2117,1001,2024-12-15 15:24:57.099,[system] (api),2024-12-15 15:24:57.099,[system] (api),1734243897099
2118,2118,1001,2024-12-15 15:24:58.876,[system] (api),2024-12-15 15:24:58.876,[system] (api),1734243898876
2119,2119,1001,2024-12-15 15:25:00.691,[system] (api),2024-12-15 15:25:00.691,[system] (api),1734243900691
2120,2120,1001,2024-12-15 15:25:02.508,[system] (api),2024-12-15 15:25:02.508,[system] (api),1734243902508
2121,2121,1001,2024-12-15 15:25:04.276,[system] (api),2024-12-15 15:25:04.276,[system] (api),1734243904276
2122,2122,1001,2024-12-15 15:25:06.048,[system] (api),2024-12-15 15:25:06.048,[system] (api),1734243906048
2123,2123,1001,2024-12-15 15:25:07.807,[system] (api),2024-12-15 15:25:07.807,[system] (api),1734243907807
2124,2124,1001,2024-12-15 15:25:09.536,[system] (api),2024-12-15 15:25:09.536,[system] (api),1734243909536
2125,2125,1001,2024-12-15 15:25:11.327,[system] (api),2024-12-15 15:25:11.327,[system] (api),1734243911327
2126,2126,1001,2024-12-15 15:25:13.154,[system] (api),2024-12-15 15:25:13.154,[system] (api),1734243913154
2127,2127,1001,2024-12-15 15:25:14.945,[system] (api),2024-12-15 15:25:14.945,[system] (api),1734243914945
2128,2128,1001,2024-12-15 15:25:16.736,[system] (api),2024-12-15 15:25:16.736,[system] (api),1734243916736
2129,2129,1001,2024-12-15 15:25:18.498,[system] (api),2024-12-15 15:25:18.498,[system] (api),1734243918498
2130,2130,1001,2024-12-15 15:25:20.232,[system] (api),2024-12-15 15:25:20.232,[system] (api),1734243920232
2131,2131,1001,2024-12-15 15:25:21.962,[system] (api),2024-12-15 15:25:21.962,[system] (api),1734243921962
2132,2132,1001,2024-12-15 15:25:23.738,[system] (api),2024-12-15 15:25:23.738,[system] (api),1734243923738
2133,2133,1001,2024-12-15 15:25:25.522,[system] (api),2024-12-15 15:25:25.522,[system] (api),1734243925522
2134,2134,1001,2024-12-15 15:25:27.307,[system] (api),2024-12-15 15:25:27.307,[system] (api),1734243927307
2135,2135,1001,2024-12-15 15:25:29.078,[system] (api),2024-12-15 15:25:29.078,[system] (api),1734243929078
2136,2136,1001,2024-12-15 15:25:30.823,[system] (api),2024-12-15 15:25:30.823,[system] (api),1734243930823
2137,2137,1001,2024-12-15 15:25:32.603,[system] (api),2024-12-15 15:25:32.603,[system] (api),1734243932603
2138,2138,1001,2024-12-15 15:25:34.383,[system] (api),2024-12-15 15:25:34.383,[system] (api),1734243934383
2139,2139,1001,2024-12-15 15:25:36.134,[system] (api),2024-12-15 15:25:36.134,[system] (api),1734243936134
2140,2140,1001,2024-12-15 15:25:37.881,[system] (api),2024-12-15 15:25:37.881,[system] (api),1734243937881
2141,2141,1001,2024-12-15 15:25:39.706,[system] (api),2024-12-15 15:25:39.706,[system] (api),1734243939706
2142,2142,1001,2024-12-15 15:25:41.504,[system] (api),2024-12-15 15:25:41.504,[system] (api),1734243941504
2143,2143,1001,2024-12-15 15:25:43.287,[system] (api),2024-12-15 15:25:43.287,[system] (api),1734243943287
2144,2144,1001,2024-12-15 15:25:45.018,[system] (api),2024-12-15 15:25:45.018,[system] (api),1734243945018
2145,2145,1001,2024-12-15 15:25:46.799,[system] (api),2024-12-15 15:25:46.799,[system] (api),1734243946799
2146,2146,1001,2024-12-15 15:25:48.574,[system] (api),2024-12-15 15:25:48.574,[system] (api),1734243948574
2147,2147,1001,2024-12-15 15:25:50.339,[system] (api),2024-12-15 15:25:50.339,[system] (api),1734243950339
2148,2148,1001,2024-12-15 15:25:52.134,[system] (api),2024-12-15 15:25:52.134,[system] (api),1734243952134
2149,2149,1001,2024-12-15 15:25:53.916,[system] (api),2024-12-15 15:25:53.916,[system] (api),1734243953916
2150,2150,1001,2024-12-15 15:25:55.799,[system] (api),2024-12-15 15:25:55.799,[system] (api),1734243955799
2151,2151,1001,2024-12-15 15:25:57.68,[system] (api),2024-12-15 15:25:57.68,[system] (api),1734243957680
2152,2152,1001,2024-12-15 15:25:59.503,[system] (api),2024-12-15 15:25:59.503,[system] (api),1734243959503
2153,2153,1001,2024-12-15 15:26:01.321,[system] (api),2024-12-15 15:26:01.321,[system] (api),1734243961321
2154,2154,1001,2024-12-15 15:26:03.076,[system] (api),2024-12-15 15:26:03.076,[system] (api),1734243963076
2155,2155,1001,2024-12-15 15:26:04.83,[system] (api),2024-12-15 15:26:04.83,[system] (api),1734243964830
2156,2156,1001,2024-12-15 15:26:06.617,[system] (api),2024-12-15 15:26:06.617,[system] (api),1734243966617
2157,2157,1001,2024-12-15 15:26:08.428,[system] (api),2024-12-15 15:26:08.428,[system] (api),1734243968428
2158,2158,1001,2024-12-15 15:26:10.204,[system] (api),2024-12-15 15:26:10.204,[system] (api),1734243970204
2159,2159,1001,2024-12-15 15:26:12.013,[system] (api),2024-12-15 15:26:12.013,[system] (api),1734243972013
2160,2160,1001,2024-12-15 15:26:13.751,[system] (api),2024-12-15 15:26:13.751,[system] (api),1734243973751
2161,2161,1001,2024-12-15 15:26:15.567,[system] (api),2024-12-15 15:26:15.567,[system] (api),1734243975567
2162,2162,1001,2024-12-15 15:26:17.334,[system] (api),2024-12-15 15:26:17.334,[system] (api),1734243977334
2163,2163,1001,2024-12-15 15:26:19.085,[system] (api),2024-12-15 15:26:19.085,[system] (api),1734243979085
2164,2164,1001,2024-12-15 15:26:20.899,[system] (api),2024-12-15 15:26:20.899,[system] (api),1734243980899
2165,2165,1001,2024-12-15 15:26:22.68,[system] (api),2024-12-15 15:26:22.68,[system] (api),1734243982680
2166,2166,1001,2024-12-15 15:26:24.456,[system] (api),2024-12-15 15:26:24.456,[system] (api),1734243984456
2167,2167,1001,2024-12-15 15:26:26.204,[system] (api),2024-12-15 15:26:26.204,[system] (api),1734243986204
2168,2168,1001,2024-12-15 15:26:27.984,[system] (api),2024-12-15 15:26:27.984,[system] (api),1734243987984
2169,2169,1001,2024-12-15 15:26:29.778,[system] (api),2024-12-15 15:26:29.778,[system] (api),1734243989778
2170,2170,1001,2024-12-15 15:26:31.556,[system] (api),2024-12-15 15:26:31.556,[system] (api),1734243991556
2171,2171,1001,2024-12-15 15:26:33.32,[system] (api),2024-12-15 15:26:33.32,[system] (api),1734243993320
2172,2172,1001,2024-12-15 15:26:35.089,[system] (api),2024-12-15 15:26:35.089,[system] (api),1734243995089
2173,2173,1001,2024-12-15 15:26:36.859,[system] (api),2024-12-15 15:26:36.859,[system] (api),1734243996859
2174,2174,1001,2024-12-15 15:26:38.641,[system] (api),2024-12-15 15:26:38.641,[system] (api),1734243998641
2175,2175,1001,2024-12-15 15:26:40.436,[system] (api),2024-12-15 15:26:40.436,[system] (api),1734244000436
2176,2176,1001,2024-12-15 15:26:42.256,[system] (api),2024-12-15 15:26:42.256,[system] (api),1734244002256
2177,2177,1001,2024-12-15 15:26:44.053,[system] (api),2024-12-15 15:26:44.053,[system] (api),1734244004053
2178,2178,1001,2024-12-15 15:26:45.8,[system] (api),2024-12-15 15:26:45.8,[system] (api),1734244005800
2179,2179,1001,2024-12-15 15:26:47.615,[system] (api),2024-12-15 15:26:47.615,[system] (api),1734244007615
2180,2180,1001,2024-12-15 15:26:49.366,[system] (api),2024-12-15 15:26:49.366,[system] (api),1734244009366
2181,2181,1001,2024-12-15 15:26:51.187,[system] (api),2024-12-15 15:26:51.187,[system] (api),1734244011187
2182,2182,1001,2024-12-15 15:26:52.965,[system] (api),2024-12-15 15:26:52.965,[system] (api),1734244012965
2183,2183,1001,2024-12-15 15:26:54.799,[system] (api),2024-12-15 15:26:54.799,[system] (api),1734244014799
2184,2184,1001,2024-12-15 15:26:56.543,[system] (api),2024-12-15 15:26:56.543,[system] (api),1734244016543
2185,2185,1001,2024-12-15 15:26:58.302,[system] (api),2024-12-15 15:26:58.302,[system] (api),1734244018302
2186,2186,1001,2024-12-15 15:27:00.061,[system] (api),2024-12-15 15:27:00.061,[system] (api),1734244020061
2187,2187,1001,2024-12-15 15:27:01.875,[system] (api),2024-12-15 15:27:01.875,[system] (api),1734244021875
2188,2188,1001,2024-12-15 15:27:03.656,[system] (api),2024-12-15 15:27:03.656,[system] (api),1734244023656
2189,2189,1001,2024-12-15 15:27:05.4,[system] (api),2024-12-15 15:27:05.4,[system] (api),1734244025400
2190,2190,1001,2024-12-15 15:27:07.155,[system] (api),2024-12-15 15:27:07.155,[system] (api),1734244027155
2191,2191,1001,2024-12-15 15:27:08.898,[system] (api),2024-12-15 15:27:08.898,[system] (api),1734244028898
2192,2192,1001,2024-12-15 15:27:10.662,[system] (api),2024-12-15 15:27:10.662,[system] (api),1734244030662
2193,2193,1001,2024-12-15 15:27:12.495,[system] (api),2024-12-15 15:27:12.495,[system] (api),1734244032495
2194,2194,1001,2024-12-15 15:27:14.254,[system] (api),2024-12-15 15:27:14.254,[system] (api),1734244034254
2195,2195,1001,2024-12-15 15:27:16.043,[system] (api),2024-12-15 15:27:16.043,[system] (api),1734244036043
2196,2196,1001,2024-12-15 15:27:17.786,[system] (api),2024-12-15 15:27:17.786,[system] (api),1734244037786
2197,2197,1001,2024-12-15 15:27:19.568,[system] (api),2024-12-15 15:27:19.568,[system] (api),1734244039568
2198,2198,1001,2024-12-15 15:27:21.36,[system] (api),2024-12-15 15:27:21.36,[system] (api),1734244041360
2199,2199,1001,2024-12-15 15:27:23.088,[system] (api),2024-12-15 15:27:23.088,[system] (api),1734244043088
2200,2200,1001,2024-12-15 15:27:24.876,[system] (api),2024-12-15 15:27:24.876,[system] (api),1734244044876
2201,2201,1001,2024-12-15 15:27:26.663,[system] (api),2024-12-15 15:27:26.663,[system] (api),1734244046663
2202,2202,1001,2024-12-15 16:39:00.134,[system] (api),2024-12-15 16:39:00.134,[system] (api),1734248340134
2203,2203,1001,2024-12-15 16:39:03.685,[system] (api),2024-12-15 16:39:03.685,[system] (api),1734248343685
2204,2204,1001,2024-12-15 16:39:07.422,[system] (api),2024-12-15 16:39:07.422,[system] (api),1734248347422
2205,2205,1001,2024-12-15 16:39:11.129,[system] (api),2024-12-15 16:39:11.129,[system] (api),1734248351129
2206,2206,1001,2024-12-15 16:39:14.7,[system] (api),2024-12-15 16:39:14.7,[system] (api),1734248354700
2207,2207,1001,2024-12-15 16:39:18.391,[system] (api),2024-12-15 16:39:18.391,[system] (api),1734248358391
2208,2208,1001,2024-12-15 16:39:21.979,[system] (api),2024-12-15 16:39:21.979,[system] (api),1734248361979
2209,2209,1001,2024-12-15 16:39:25.545,[system] (api),2024-12-15 16:39:25.545,[system] (api),1734248365545
2210,2210,1001,2024-12-15 16:39:29.109,[system] (api),2024-12-15 16:39:29.109,[system] (api),1734248369109
2211,2211,1001,2024-12-15 16:39:32.713,[system] (api),2024-12-15 16:39:32.713,[system] (api),1734248372713
2212,2212,1001,2024-12-15 16:39:36.365,[system] (api),2024-12-15 16:39:36.365,[system] (api),1734248376365
2213,2213,1001,2024-12-15 16:39:39.959,[system] (api),2024-12-15 16:39:39.959,[system] (api),1734248379959
2214,2214,1001,2024-12-15 16:39:43.621,[system] (api),2024-12-15 16:39:43.621,[system] (api),1734248383621
2215,2215,1001,2024-12-15 16:39:47.34,[system] (api),2024-12-15 16:39:47.34,[system] (api),1734248387340
2216,2216,1001,2024-12-15 16:39:50.991,[system] (api),2024-12-15 16:39:50.991,[system] (api),1734248390991
2217,2217,1001,2024-12-15 16:39:54.584,[system] (api),2024-12-15 16:39:54.584,[system] (api),1734248394584
2221,2221,1001,2024-12-15 16:40:09.455,[system] (api),2024-12-15 16:40:09.455,[system] (api),1734248409455
2218,2218,1001,2024-12-15 16:39:58.296,[system] (api),2024-12-15 16:39:58.296,[system] (api),1734248398296
2222,2222,1001,2024-12-15 16:40:13.014,[system] (api),2024-12-15 16:40:13.014,[system] (api),1734248413014
2219,2219,1001,2024-12-15 16:40:01.942,[system] (api),2024-12-15 16:40:01.942,[system] (api),1734248401942
2220,2220,1001,2024-12-15 16:40:05.683,[system] (api),2024-12-15 16:40:05.683,[system] (api),1734248405683
2223,2223,1001,2024-12-15 16:40:16.626,[system] (api),2024-12-15 16:40:16.626,[system] (api),1734248416626
2224,2224,1001,2024-12-15 16:40:20.248,[system] (api),2024-12-15 16:40:20.248,[system] (api),1734248420248
2225,2225,1001,2024-12-15 16:40:23.838,[system] (api),2024-12-15 16:40:23.838,[system] (api),1734248423838
2226,2226,1001,2024-12-15 16:40:27.397,[system] (api),2024-12-15 16:40:27.397,[system] (api),1734248427397
2227,2227,1001,2024-12-15 16:40:31.028,[system] (api),2024-12-15 16:40:31.028,[system] (api),1734248431028
2228,2228,1001,2024-12-15 16:40:34.685,[system] (api),2024-12-15 16:40:34.685,[system] (api),1734248434685
2229,2229,1001,2024-12-15 16:40:38.271,[system] (api),2024-12-15 16:40:38.271,[system] (api),1734248438271
2230,2230,1001,2024-12-15 16:40:41.934,[system] (api),2024-12-15 16:40:41.934,[system] (api),1734248441934
2231,2231,1001,2024-12-15 16:40:45.468,[system] (api),2024-12-15 16:40:45.468,[system] (api),1734248445468
2232,2232,1001,2024-12-15 16:40:49.135,[system] (api),2024-12-15 16:40:49.135,[system] (api),1734248449135
2233,2233,1001,2024-12-15 16:40:52.782,[system] (api),2024-12-15 16:40:52.782,[system] (api),1734248452782
2234,2234,1001,2024-12-15 16:40:56.402,[system] (api),2024-12-15 16:40:56.402,[system] (api),1734248456402
2235,2235,1001,2024-12-15 16:40:59.919,[system] (api),2024-12-15 16:40:59.919,[system] (api),1734248459919
2236,2236,1001,2024-12-15 16:41:03.503,[system] (api),2024-12-15 16:41:03.503,[system] (api),1734248463503
2237,2237,1001,2024-12-15 16:41:07.113,[system] (api),2024-12-15 16:41:07.113,[system] (api),1734248467113
2238,2238,1001,2024-12-15 16:41:10.7,[system] (api),2024-12-15 16:41:10.7,[system] (api),1734248470700
2239,2239,1001,2024-12-15 16:41:14.249,[system] (api),2024-12-15 16:41:14.249,[system] (api),1734248474249
2240,2240,1001,2024-12-15 16:41:17.864,[system] (api),2024-12-15 16:41:17.864,[system] (api),1734248477864
2241,2241,1001,2024-12-15 16:41:21.458,[system] (api),2024-12-15 16:41:21.458,[system] (api),1734248481458
2242,2242,1001,2024-12-15 16:41:25.063,[system] (api),2024-12-15 16:41:25.063,[system] (api),1734248485063
2243,2243,1001,2024-12-15 16:41:28.795,[system] (api),2024-12-15 16:41:28.795,[system] (api),1734248488795
2244,2244,1001,2024-12-15 16:41:32.369,[system] (api),2024-12-15 16:41:32.369,[system] (api),1734248492369
2245,2245,1001,2024-12-15 16:41:35.936,[system] (api),2024-12-15 16:41:35.936,[system] (api),1734248495936
2246,2246,1001,2024-12-15 16:41:39.498,[system] (api),2024-12-15 16:41:39.498,[system] (api),1734248499498
2247,2247,1001,2024-12-15 16:41:43.058,[system] (api),2024-12-15 16:41:43.058,[system] (api),1734248503058
2248,2248,1001,2024-12-15 16:41:46.689,[system] (api),2024-12-15 16:41:46.689,[system] (api),1734248506689
2249,2249,1001,2024-12-15 16:41:50.33,[system] (api),2024-12-15 16:41:50.33,[system] (api),1734248510330
2250,2250,1001,2024-12-15 16:41:53.956,[system] (api),2024-12-15 16:41:53.956,[system] (api),1734248513956
2251,2251,1001,2024-12-15 16:41:57.589,[system] (api),2024-12-15 16:41:57.589,[system] (api),1734248517589
2252,2252,1001,2024-12-15 16:42:01.15,[system] (api),2024-12-15 16:42:01.15,[system] (api),1734248521150
2253,2253,1001,2024-12-15 16:42:04.795,[system] (api),2024-12-15 16:42:04.795,[system] (api),1734248524795
2254,2254,1001,2024-12-15 16:42:08.342,[system] (api),2024-12-15 16:42:08.342,[system] (api),1734248528342
2255,2255,1001,2024-12-15 16:42:11.92,[system] (api),2024-12-15 16:42:11.92,[system] (api),1734248531920
2256,2256,1001,2024-12-15 16:42:15.494,[system] (api),2024-12-15 16:42:15.494,[system] (api),1734248535494
2257,2257,1001,2024-12-15 16:42:19.085,[system] (api),2024-12-15 16:42:19.085,[system] (api),1734248539085
2258,2258,1001,2024-12-15 16:42:22.639,[system] (api),2024-12-15 16:42:22.639,[system] (api),1734248542639
2259,2259,1001,2024-12-15 16:42:26.158,[system] (api),2024-12-15 16:42:26.158,[system] (api),1734248546158
2260,2260,1001,2024-12-15 16:42:29.741,[system] (api),2024-12-15 16:42:29.741,[system] (api),1734248549741
2261,2261,1001,2024-12-15 16:42:33.303,[system] (api),2024-12-15 16:42:33.303,[system] (api),1734248553303
2262,2262,1001,2024-12-15 16:42:36.888,[system] (api),2024-12-15 16:42:36.888,[system] (api),1734248556888
2263,2263,1001,2024-12-15 16:42:40.444,[system] (api),2024-12-15 16:42:40.444,[system] (api),1734248560444
2264,2264,1001,2024-12-15 16:42:44.017,[system] (api),2024-12-15 16:42:44.017,[system] (api),1734248564017
2265,2265,1001,2024-12-15 16:42:47.578,[system] (api),2024-12-15 16:42:47.578,[system] (api),1734248567578
2266,2266,1001,2024-12-15 16:42:51.225,[system] (api),2024-12-15 16:42:51.225,[system] (api),1734248571225
2267,2267,1001,2024-12-15 16:42:54.758,[system] (api),2024-12-15 16:42:54.758,[system] (api),1734248574758
2268,2268,1001,2024-12-15 16:42:58.289,[system] (api),2024-12-15 16:42:58.289,[system] (api),1734248578289
2269,2269,1001,2024-12-15 16:43:01.902,[system] (api),2024-12-15 16:43:01.902,[system] (api),1734248581902
2270,2270,1001,2024-12-15 16:43:05.457,[system] (api),2024-12-15 16:43:05.457,[system] (api),1734248585457
2271,2271,1001,2024-12-15 16:43:09.026,[system] (api),2024-12-15 16:43:09.026,[system] (api),1734248589026
2272,2272,1001,2024-12-15 16:43:12.594,[system] (api),2024-12-15 16:43:12.594,[system] (api),1734248592594
2273,2273,1001,2024-12-15 16:43:16.148,[system] (api),2024-12-15 16:43:16.148,[system] (api),1734248596148
2274,2274,1001,2024-12-15 16:43:19.744,[system] (api),2024-12-15 16:43:19.744,[system] (api),1734248599744
2275,2275,1001,2024-12-15 16:43:23.328,[system] (api),2024-12-15 16:43:23.328,[system] (api),1734248603328
2276,2276,1001,2024-12-15 16:43:26.905,[system] (api),2024-12-15 16:43:26.905,[system] (api),1734248606905
2277,2277,1001,2024-12-15 16:43:30.466,[system] (api),2024-12-15 16:43:30.466,[system] (api),1734248610466
2278,2278,1001,2024-12-15 16:43:34.007,[system] (api),2024-12-15 16:43:34.007,[system] (api),1734248614007
2279,2279,1001,2024-12-15 16:43:37.566,[system] (api),2024-12-15 16:43:37.566,[system] (api),1734248617566
2280,2280,1001,2024-12-15 16:43:41.095,[system] (api),2024-12-15 16:43:41.095,[system] (api),1734248621095
2281,2281,1001,2024-12-15 16:43:44.69,[system] (api),2024-12-15 16:43:44.69,[system] (api),1734248624690
2282,2282,1001,2024-12-15 16:43:48.276,[system] (api),2024-12-15 16:43:48.276,[system] (api),1734248628276
2283,2283,1001,2024-12-15 16:43:51.84,[system] (api),2024-12-15 16:43:51.84,[system] (api),1734248631840
2284,2284,1001,2024-12-15 16:43:55.412,[system] (api),2024-12-15 16:43:55.412,[system] (api),1734248635412
2285,2285,1001,2024-12-15 16:43:59.06,[system] (api),2024-12-15 16:43:59.06,[system] (api),1734248639060
2286,2286,1001,2024-12-15 16:44:02.643,[system] (api),2024-12-15 16:44:02.643,[system] (api),1734248642643
2287,2287,1001,2024-12-15 16:44:06.287,[system] (api),2024-12-15 16:44:06.287,[system] (api),1734248646287
2288,2288,1001,2024-12-15 16:44:09.88,[system] (api),2024-12-15 16:44:09.88,[system] (api),1734248649880
2289,2289,1001,2024-12-15 16:44:13.439,[system] (api),2024-12-15 16:44:13.439,[system] (api),1734248653439
2290,2290,1001,2024-12-15 16:44:17.007,[system] (api),2024-12-15 16:44:17.007,[system] (api),1734248657007
2291,2291,1001,2024-12-15 16:44:20.551,[system] (api),2024-12-15 16:44:20.551,[system] (api),1734248660551
2292,2292,1001,2024-12-15 16:44:24.119,[system] (api),2024-12-15 16:44:24.119,[system] (api),1734248664119
2293,2293,1001,2024-12-15 16:44:27.672,[system] (api),2024-12-15 16:44:27.672,[system] (api),1734248667672
2294,2294,1001,2024-12-15 16:44:31.239,[system] (api),2024-12-15 16:44:31.239,[system] (api),1734248671239
2295,2295,1001,2024-12-15 16:44:34.862,[system] (api),2024-12-15 16:44:34.862,[system] (api),1734248674862
2296,2296,1001,2024-12-15 16:44:38.38,[system] (api),2024-12-15 16:44:38.38,[system] (api),1734248678380
2297,2297,1001,2024-12-15 16:44:41.942,[system] (api),2024-12-15 16:44:41.942,[system] (api),1734248681942
2299,2299,1001,2024-12-15 16:44:49.051,[system] (api),2024-12-15 16:44:49.051,[system] (api),1734248689051
2302,2302,1001,2024-12-15 16:44:59.799,[system] (api),2024-12-15 16:44:59.799,[system] (api),1734248699799
2304,2304,1001,2024-12-15 16:45:07.017,[system] (api),2024-12-15 16:45:07.017,[system] (api),1734248707017
2309,2309,1001,2024-12-15 16:45:24.845,[system] (api),2024-12-15 16:45:24.845,[system] (api),1734248724845
2312,2312,1001,2024-12-15 16:45:35.617,[system] (api),2024-12-15 16:45:35.617,[system] (api),1734248735617
2315,2315,1001,2024-12-15 16:45:46.287,[system] (api),2024-12-15 16:45:46.287,[system] (api),1734248746287
2318,2318,1001,2024-12-15 16:45:58.637,[system] (api),2024-12-15 16:45:58.637,[system] (api),1734248758637
2323,2323,1001,2024-12-15 16:46:16.57,[system] (api),2024-12-15 16:46:16.57,[system] (api),1734248776570
2330,2330,1001,2024-12-15 16:46:41.682,[system] (api),2024-12-15 16:46:41.682,[system] (api),1734248801682
2338,2338,1001,2024-12-15 16:47:10.101,[system] (api),2024-12-15 16:47:10.101,[system] (api),1734248830101
2340,2340,1001,2024-12-15 16:47:17.273,[system] (api),2024-12-15 16:47:17.273,[system] (api),1734248837273
2344,2344,1001,2024-12-15 16:47:31.621,[system] (api),2024-12-15 16:47:31.621,[system] (api),1734248851621
2348,2348,1001,2024-12-15 16:47:45.852,[system] (api),2024-12-15 16:47:45.852,[system] (api),1734248865852
2352,2352,1001,2024-12-15 16:48:00.039,[system] (api),2024-12-15 16:48:00.039,[system] (api),1734248880039
2298,2298,1001,2024-12-15 16:44:45.496,[system] (api),2024-12-15 16:44:45.496,[system] (api),1734248685496
2300,2300,1001,2024-12-15 16:44:52.656,[system] (api),2024-12-15 16:44:52.656,[system] (api),1734248692656
2301,2301,1001,2024-12-15 16:44:56.223,[system] (api),2024-12-15 16:44:56.223,[system] (api),1734248696223
2303,2303,1001,2024-12-15 16:45:03.438,[system] (api),2024-12-15 16:45:03.438,[system] (api),1734248703438
2305,2305,1001,2024-12-15 16:45:10.561,[system] (api),2024-12-15 16:45:10.561,[system] (api),1734248710561
2306,2306,1001,2024-12-15 16:45:14.175,[system] (api),2024-12-15 16:45:14.175,[system] (api),1734248714175
2307,2307,1001,2024-12-15 16:45:17.729,[system] (api),2024-12-15 16:45:17.729,[system] (api),1734248717729
2308,2308,1001,2024-12-15 16:45:21.297,[system] (api),2024-12-15 16:45:21.297,[system] (api),1734248721297
2310,2310,1001,2024-12-15 16:45:28.371,[system] (api),2024-12-15 16:45:28.371,[system] (api),1734248728371
2311,2311,1001,2024-12-15 16:45:32.059,[system] (api),2024-12-15 16:45:32.059,[system] (api),1734248732059
2313,2313,1001,2024-12-15 16:45:39.167,[system] (api),2024-12-15 16:45:39.167,[system] (api),1734248739167
2314,2314,1001,2024-12-15 16:45:42.738,[system] (api),2024-12-15 16:45:42.738,[system] (api),1734248742738
2316,2316,1001,2024-12-15 16:45:49.865,[system] (api),2024-12-15 16:45:49.865,[system] (api),1734248749865
2317,2317,1001,2024-12-15 16:45:53.405,[system] (api),2024-12-15 16:45:53.405,[system] (api),1734248753405
2319,2319,1001,2024-12-15 16:46:02.179,[system] (api),2024-12-15 16:46:02.179,[system] (api),1734248762179
2320,2320,1001,2024-12-15 16:46:05.766,[system] (api),2024-12-15 16:46:05.766,[system] (api),1734248765766
2321,2321,1001,2024-12-15 16:46:09.391,[system] (api),2024-12-15 16:46:09.391,[system] (api),1734248769391
2322,2322,1001,2024-12-15 16:46:13.026,[system] (api),2024-12-15 16:46:13.026,[system] (api),1734248773026
2324,2324,1001,2024-12-15 16:46:20.271,[system] (api),2024-12-15 16:46:20.271,[system] (api),1734248780271
2325,2325,1001,2024-12-15 16:46:23.852,[system] (api),2024-12-15 16:46:23.852,[system] (api),1734248783852
2326,2326,1001,2024-12-15 16:46:27.37,[system] (api),2024-12-15 16:46:27.37,[system] (api),1734248787370
2327,2327,1001,2024-12-15 16:46:30.965,[system] (api),2024-12-15 16:46:30.965,[system] (api),1734248790965
2328,2328,1001,2024-12-15 16:46:34.55,[system] (api),2024-12-15 16:46:34.55,[system] (api),1734248794550
2329,2329,1001,2024-12-15 16:46:38.127,[system] (api),2024-12-15 16:46:38.127,[system] (api),1734248798127
2331,2331,1001,2024-12-15 16:46:45.232,[system] (api),2024-12-15 16:46:45.232,[system] (api),1734248805232
2332,2332,1001,2024-12-15 16:46:48.781,[system] (api),2024-12-15 16:46:48.781,[system] (api),1734248808781
2333,2333,1001,2024-12-15 16:46:52.353,[system] (api),2024-12-15 16:46:52.353,[system] (api),1734248812353
2334,2334,1001,2024-12-15 16:46:55.901,[system] (api),2024-12-15 16:46:55.901,[system] (api),1734248815901
2335,2335,1001,2024-12-15 16:46:59.429,[system] (api),2024-12-15 16:46:59.429,[system] (api),1734248819429
2336,2336,1001,2024-12-15 16:47:03.036,[system] (api),2024-12-15 16:47:03.036,[system] (api),1734248823036
2337,2337,1001,2024-12-15 16:47:06.575,[system] (api),2024-12-15 16:47:06.575,[system] (api),1734248826575
2339,2339,1001,2024-12-15 16:47:13.666,[system] (api),2024-12-15 16:47:13.666,[system] (api),1734248833666
2341,2341,1001,2024-12-15 16:47:20.854,[system] (api),2024-12-15 16:47:20.854,[system] (api),1734248840854
2342,2342,1001,2024-12-15 16:47:24.499,[system] (api),2024-12-15 16:47:24.499,[system] (api),1734248844499
2343,2343,1001,2024-12-15 16:47:28.077,[system] (api),2024-12-15 16:47:28.077,[system] (api),1734248848077
2345,2345,1001,2024-12-15 16:47:35.235,[system] (api),2024-12-15 16:47:35.235,[system] (api),1734248855235
2346,2346,1001,2024-12-15 16:47:38.758,[system] (api),2024-12-15 16:47:38.758,[system] (api),1734248858758
2347,2347,1001,2024-12-15 16:47:42.305,[system] (api),2024-12-15 16:47:42.305,[system] (api),1734248862305
2349,2349,1001,2024-12-15 16:47:49.424,[system] (api),2024-12-15 16:47:49.424,[system] (api),1734248869424
2350,2350,1001,2024-12-15 16:47:52.93,[system] (api),2024-12-15 16:47:52.93,[system] (api),1734248872930
2351,2351,1001,2024-12-15 16:47:56.493,[system] (api),2024-12-15 16:47:56.493,[system] (api),1734248876493
2353,2353,1001,2024-12-15 16:48:03.594,[system] (api),2024-12-15 16:48:03.594,[system] (api),1734248883594
2354,2354,1001,2024-12-15 16:48:07.17,[system] (api),2024-12-15 16:48:07.17,[system] (api),1734248887170
2355,2355,1001,2024-12-15 16:48:10.72,[system] (api),2024-12-15 16:48:10.72,[system] (api),1734248890720
2356,2356,1001,2024-12-15 16:48:14.275,[system] (api),2024-12-15 16:48:14.275,[system] (api),1734248894275
2357,2357,1001,2024-12-15 16:48:17.823,[system] (api),2024-12-15 16:48:17.823,[system] (api),1734248897823
2358,2358,1001,2024-12-15 16:48:21.42,[system] (api),2024-12-15 16:48:21.42,[system] (api),1734248901420
2359,2359,1001,2024-12-15 16:48:25.034,[system] (api),2024-12-15 16:48:25.034,[system] (api),1734248905034
2360,2360,1001,2024-12-15 16:48:28.615,[system] (api),2024-12-15 16:48:28.615,[system] (api),1734248908615
2361,2361,1001,2024-12-15 16:48:32.247,[system] (api),2024-12-15 16:48:32.247,[system] (api),1734248912247
2362,2362,1001,2024-12-15 16:48:35.784,[system] (api),2024-12-15 16:48:35.784,[system] (api),1734248915784
2363,2363,1001,2024-12-15 16:48:39.316,[system] (api),2024-12-15 16:48:39.316,[system] (api),1734248919316
2364,2364,1001,2024-12-15 16:48:42.88,[system] (api),2024-12-15 16:48:42.88,[system] (api),1734248922880
2365,2365,1001,2024-12-15 16:48:46.396,[system] (api),2024-12-15 16:48:46.396,[system] (api),1734248926396
2366,2366,1001,2024-12-15 16:48:50.008,[system] (api),2024-12-15 16:48:50.008,[system] (api),1734248930008
2367,2367,1001,2024-12-15 16:48:53.566,[system] (api),2024-12-15 16:48:53.566,[system] (api),1734248933566
2368,2368,1001,2024-12-15 16:48:57.125,[system] (api),2024-12-15 16:48:57.125,[system] (api),1734248937125
2369,2369,1001,2024-12-15 16:49:00.694,[system] (api),2024-12-15 16:49:00.694,[system] (api),1734248940694
2370,2370,1001,2024-12-15 16:49:04.229,[system] (api),2024-12-15 16:49:04.229,[system] (api),1734248944229
2371,2371,1001,2024-12-15 16:49:07.803,[system] (api),2024-12-15 16:49:07.803,[system] (api),1734248947803
2372,2372,1001,2024-12-15 16:49:11.349,[system] (api),2024-12-15 16:49:11.349,[system] (api),1734248951349
2373,2373,1001,2024-12-15 16:49:14.896,[system] (api),2024-12-15 16:49:14.896,[system] (api),1734248954896
2374,2374,1001,2024-12-15 16:49:18.466,[system] (api),2024-12-15 16:49:18.466,[system] (api),1734248958466
2375,2375,1001,2024-12-15 16:49:22.018,[system] (api),2024-12-15 16:49:22.018,[system] (api),1734248962018
2376,2376,1001,2024-12-15 16:49:25.584,[system] (api),2024-12-15 16:49:25.584,[system] (api),1734248965584
2377,2377,1001,2024-12-15 16:49:29.166,[system] (api),2024-12-15 16:49:29.166,[system] (api),1734248969166
2378,2378,1001,2024-12-15 16:49:32.724,[system] (api),2024-12-15 16:49:32.724,[system] (api),1734248972724
2379,2379,1001,2024-12-15 16:49:36.38,[system] (api),2024-12-15 16:49:36.38,[system] (api),1734248976380
2380,2380,1001,2024-12-15 16:49:39.93,[system] (api),2024-12-15 16:49:39.93,[system] (api),1734248979930
2381,2381,1001,2024-12-15 16:49:43.496,[system] (api),2024-12-15 16:49:43.496,[system] (api),1734248983496
2382,2382,1001,2024-12-15 16:49:47.045,[system] (api),2024-12-15 16:49:47.045,[system] (api),1734248987045
2383,2383,1001,2024-12-15 16:49:50.606,[system] (api),2024-12-15 16:49:50.606,[system] (api),1734248990606
2384,2384,1001,2024-12-15 16:49:54.201,[system] (api),2024-12-15 16:49:54.201,[system] (api),1734248994201
2385,2385,1001,2024-12-15 16:49:57.749,[system] (api),2024-12-15 16:49:57.749,[system] (api),1734248997749
2386,2386,1001,2024-12-15 16:50:01.301,[system] (api),2024-12-15 16:50:01.301,[system] (api),1734249001301
2387,2387,1001,2024-12-15 16:50:04.902,[system] (api),2024-12-15 16:50:04.902,[system] (api),1734249004902
2388,2388,1001,2024-12-15 16:50:08.444,[system] (api),2024-12-15 16:50:08.444,[system] (api),1734249008444
2389,2389,1001,2024-12-15 16:50:12.015,[system] (api),2024-12-15 16:50:12.015,[system] (api),1734249012015
2390,2390,1001,2024-12-15 16:50:15.627,[system] (api),2024-12-15 16:50:15.627,[system] (api),1734249015627
2391,2391,1001,2024-12-15 16:50:19.167,[system] (api),2024-12-15 16:50:19.167,[system] (api),1734249019167
2392,2392,1001,2024-12-15 16:50:22.773,[system] (api),2024-12-15 16:50:22.773,[system] (api),1734249022773
2393,2393,1001,2024-12-15 16:50:26.332,[system] (api),2024-12-15 16:50:26.332,[system] (api),1734249026332
2394,2394,1001,2024-12-15 16:50:29.925,[system] (api),2024-12-15 16:50:29.925,[system] (api),1734249029925
2400,2400,1001,2024-12-15 16:50:51.44,[system] (api),2024-12-15 16:50:51.44,[system] (api),1734249051440
2395,2395,1001,2024-12-15 16:50:33.559,[system] (api),2024-12-15 16:50:33.559,[system] (api),1734249033559
2396,2396,1001,2024-12-15 16:50:37.161,[system] (api),2024-12-15 16:50:37.161,[system] (api),1734249037161
2397,2397,1001,2024-12-15 16:50:40.756,[system] (api),2024-12-15 16:50:40.756,[system] (api),1734249040756
2398,2398,1001,2024-12-15 16:50:44.374,[system] (api),2024-12-15 16:50:44.374,[system] (api),1734249044374
2399,2399,1001,2024-12-15 16:50:47.92,[system] (api),2024-12-15 16:50:47.92,[system] (api),1734249047920
2401,2401,1001,2024-12-15 16:50:55.036,[system] (api),2024-12-15 16:50:55.036,[system] (api),1734249055036
2402,2402,1001,2024-12-26 22:28:16.437,[system] (api),2024-12-26 22:28:16.437,[system] (api),1735219696437
2403,1001,2002,2025-01-07 14:36:40.409,admin,2025-01-07 14:36:40.409,admin,1736228200409
2404,1002,2002,2025-01-07 14:36:40.416,admin,2025-01-07 14:36:40.416,admin,1736228200416
2405,1004,2002,2025-01-07 14:36:40.421,admin,2025-01-07 14:36:40.421,admin,1736228200421
2406,1003,2002,2025-01-07 14:36:40.428,admin,2025-01-07 14:36:40.428,admin,1736228200428
2407,1005,2002,2025-01-07 14:36:40.433,admin,2025-01-07 14:36:40.433,admin,1736228200433
2408,1007,2002,2025-01-07 14:36:40.435,admin,2025-01-07 14:36:40.435,admin,1736228200435
2409,1009,2002,2025-01-07 14:36:40.438,admin,2025-01-07 14:36:40.438,admin,1736228200438
2410,1010,2002,2025-01-07 14:36:40.439,admin,2025-01-07 14:36:40.439,admin,1736228200439
2411,2405,1001,2025-01-08 00:55:00.619,[system],2025-01-08 00:55:00.619,[system],1736265300619
2412,2404,1001,2025-01-08 00:55:00.63,[system],2025-01-08 00:55:00.63,[system],1736265300630
2413,2406,1001,2025-01-08 00:55:00.635,[system],2025-01-08 00:55:00.635,[system],1736265300635
2414,2407,1001,2025-01-08 00:55:00.638,[system],2025-01-08 00:55:00.638,[system],1736265300638
2415,2403,1001,2025-01-08 00:55:00.64,[system],2025-01-08 00:55:00.64,[system],1736265300640
2416,2406,2002,2025-01-08 00:55:00.689,[system],2025-01-08 00:55:00.689,[system],1736265300689
2417,2404,2002,2025-01-08 00:55:00.69,[system],2025-01-08 00:55:00.69,[system],1736265300690
2418,2403,2002,2025-01-08 00:55:00.692,[system],2025-01-08 00:55:00.692,[system],1736265300692
2419,2405,2002,2025-01-08 00:55:00.694,[system],2025-01-08 00:55:00.694,[system],1736265300694
2420,2407,2002,2025-01-08 00:55:00.695,[system],2025-01-08 00:55:00.695,[system],1736265300695
