1001,1001,1002,2024-12-08 17:14:22.664,[setup wizard],2024-12-08 17:14:22.664,[setup wizard],1733645662664
1002,1002,1003,2024-12-08 17:14:22.807,[setup wizard],2024-12-08 17:14:22.807,[setup wizard],1733645662807
1003,1003,1004,2024-12-08 17:14:22.827,[setup wizard],2024-12-08 17:14:22.827,[setup wizard],1733645662827
1004,1004,1005,2024-12-08 17:14:22.846,[setup wizard],2024-12-08 17:14:22.846,[setup wizard],1733645662846
1005,1005,1006,2024-12-08 17:14:22.857,[setup wizard],2024-12-08 17:14:22.857,[setup wizard],1733645662857
1006,1006,1007,2024-12-08 17:14:22.874,[setup wizard],2024-12-08 17:14:22.874,[setup wizard],1733645662874
1007,1007,1008,2024-12-08 17:14:22.88,[setup wizard],2024-12-08 17:14:22.88,[setup wizard],1733645662880
1008,1008,1009,2024-12-08 17:14:22.893,[setup wizard],2024-12-08 17:14:22.893,[setup wizard],1733645662893
1009,1009,1010,2024-12-08 17:14:22.904,[setup wizard],2024-12-08 17:14:22.904,[setup wizard],1733645662904
1010,1010,1011,2024-12-08 17:14:22.918,[setup wizard],2024-12-08 17:14:22.918,[setup wizard],1733645662918
1011,1011,1012,2024-12-08 19:13:50.37,[system] (print),2024-12-08 19:13:50.37,[system] (print),1733652830370
2002,2002,2002,2024-12-15 15:21:31.655,[system] (api),2024-12-15 15:21:31.655,[system] (api),1734243691655
2003,2003,2003,2024-12-15 15:21:33.503,[system] (api),2024-12-15 15:21:33.503,[system] (api),1734243693503
2004,2004,2004,2024-12-15 15:21:35.251,[system] (api),2024-12-15 15:21:35.251,[system] (api),1734243695251
2005,2005,2005,2024-12-15 15:21:37.038,[system] (api),2024-12-15 15:21:37.038,[system] (api),1734243697038
2006,2006,2006,2024-12-15 15:21:38.833,[system] (api),2024-12-15 15:21:38.833,[system] (api),1734243698833
2007,2007,2007,2024-12-15 15:21:40.611,[system] (api),2024-12-15 15:21:40.611,[system] (api),1734243700611
2008,2008,2008,2024-12-15 15:21:42.383,[system] (api),2024-12-15 15:21:42.383,[system] (api),1734243702383
2009,2009,2009,2024-12-15 15:21:44.221,[system] (api),2024-12-15 15:21:44.221,[system] (api),1734243704221
2010,2010,2010,2024-12-15 15:21:46.08,[system] (api),2024-12-15 15:21:46.08,[system] (api),1734243706080
2011,2011,2011,2024-12-15 15:21:47.83,[system] (api),2024-12-15 15:21:47.83,[system] (api),1734243707830
2012,2012,2012,2024-12-15 15:21:49.594,[system] (api),2024-12-15 15:21:49.594,[system] (api),1734243709594
2013,2013,2013,2024-12-15 15:21:51.392,[system] (api),2024-12-15 15:21:51.392,[system] (api),1734243711392
2014,2014,2014,2024-12-15 15:21:53.191,[system] (api),2024-12-15 15:21:53.191,[system] (api),1734243713191
2015,2015,2015,2024-12-15 15:21:55.073,[system] (api),2024-12-15 15:21:55.073,[system] (api),1734243715073
2016,2016,2016,2024-12-15 15:21:56.922,[system] (api),2024-12-15 15:21:56.922,[system] (api),1734243716922
2017,2017,2017,2024-12-15 15:21:58.682,[system] (api),2024-12-15 15:21:58.682,[system] (api),1734243718682
2018,2018,2018,2024-12-15 15:22:00.453,[system] (api),2024-12-15 15:22:00.453,[system] (api),1734243720453
2019,2019,2019,2024-12-15 15:22:02.234,[system] (api),2024-12-15 15:22:02.234,[system] (api),1734243722234
2020,2020,2020,2024-12-15 15:22:03.992,[system] (api),2024-12-15 15:22:03.992,[system] (api),1734243723992
2021,2021,2021,2024-12-15 15:22:05.754,[system] (api),2024-12-15 15:22:05.754,[system] (api),1734243725754
2022,2022,2022,2024-12-15 15:22:07.532,[system] (api),2024-12-15 15:22:07.532,[system] (api),1734243727532
2023,2023,2023,2024-12-15 15:22:09.262,[system] (api),2024-12-15 15:22:09.262,[system] (api),1734243729262
2024,2024,2024,2024-12-15 15:22:11.013,[system] (api),2024-12-15 15:22:11.013,[system] (api),1734243731013
2025,2025,2025,2024-12-15 15:22:12.811,[system] (api),2024-12-15 15:22:12.811,[system] (api),1734243732811
2026,2026,2026,2024-12-15 15:22:14.607,[system] (api),2024-12-15 15:22:14.607,[system] (api),1734243734607
2027,2027,2027,2024-12-15 15:22:16.412,[system] (api),2024-12-15 15:22:16.412,[system] (api),1734243736412
2028,2028,2028,2024-12-15 15:22:18.196,[system] (api),2024-12-15 15:22:18.196,[system] (api),1734243738196
2029,2029,2029,2024-12-15 15:22:19.956,[system] (api),2024-12-15 15:22:19.956,[system] (api),1734243739956
2030,2030,2030,2024-12-15 15:22:21.725,[system] (api),2024-12-15 15:22:21.725,[system] (api),1734243741725
2031,2031,2031,2024-12-15 15:22:23.49,[system] (api),2024-12-15 15:22:23.49,[system] (api),1734243743490
2032,2032,2032,2024-12-15 15:22:25.268,[system] (api),2024-12-15 15:22:25.268,[system] (api),1734243745268
2033,2033,2033,2024-12-15 15:22:27.101,[system] (api),2024-12-15 15:22:27.101,[system] (api),1734243747101
2034,2034,2034,2024-12-15 15:22:28.842,[system] (api),2024-12-15 15:22:28.842,[system] (api),1734243748842
2035,2035,2035,2024-12-15 15:22:30.621,[system] (api),2024-12-15 15:22:30.621,[system] (api),1734243750621
2036,2036,2036,2024-12-15 15:22:32.361,[system] (api),2024-12-15 15:22:32.361,[system] (api),1734243752361
2037,2037,2037,2024-12-15 15:22:34.097,[system] (api),2024-12-15 15:22:34.097,[system] (api),1734243754097
2038,2038,2038,2024-12-15 15:22:35.921,[system] (api),2024-12-15 15:22:35.921,[system] (api),1734243755921
2039,2039,2039,2024-12-15 15:22:37.685,[system] (api),2024-12-15 15:22:37.685,[system] (api),1734243757685
2040,2040,2040,2024-12-15 15:22:39.431,[system] (api),2024-12-15 15:22:39.431,[system] (api),1734243759431
2041,2041,2041,2024-12-15 15:22:41.234,[system] (api),2024-12-15 15:22:41.234,[system] (api),1734243761234
2042,2042,2042,2024-12-15 15:22:42.962,[system] (api),2024-12-15 15:22:42.962,[system] (api),1734243762962
2043,2043,2043,2024-12-15 15:22:44.737,[system] (api),2024-12-15 15:22:44.737,[system] (api),1734243764737
2044,2044,2044,2024-12-15 15:22:46.728,[system] (api),2024-12-15 15:22:46.728,[system] (api),1734243766728
2045,2045,2045,2024-12-15 15:22:48.555,[system] (api),2024-12-15 15:22:48.555,[system] (api),1734243768555
2046,2046,2046,2024-12-15 15:22:50.388,[system] (api),2024-12-15 15:22:50.388,[system] (api),1734243770388
2047,2047,2047,2024-12-15 15:22:52.238,[system] (api),2024-12-15 15:22:52.238,[system] (api),1734243772238
2048,2048,2048,2024-12-15 15:22:54.178,[system] (api),2024-12-15 15:22:54.178,[system] (api),1734243774178
2049,2049,2049,2024-12-15 15:22:55.943,[system] (api),2024-12-15 15:22:55.943,[system] (api),1734243775943
2050,2050,2050,2024-12-15 15:22:57.758,[system] (api),2024-12-15 15:22:57.758,[system] (api),1734243777758
2051,2051,2051,2024-12-15 15:22:59.529,[system] (api),2024-12-15 15:22:59.529,[system] (api),1734243779529
2052,2052,2052,2024-12-15 15:23:01.357,[system] (api),2024-12-15 15:23:01.357,[system] (api),1734243781357
2053,2053,2053,2024-12-15 15:23:03.161,[system] (api),2024-12-15 15:23:03.161,[system] (api),1734243783161
2054,2054,2054,2024-12-15 15:23:04.88,[system] (api),2024-12-15 15:23:04.88,[system] (api),1734243784880
2055,2055,2055,2024-12-15 15:23:06.669,[system] (api),2024-12-15 15:23:06.669,[system] (api),1734243786669
2056,2056,2056,2024-12-15 15:23:08.46,[system] (api),2024-12-15 15:23:08.46,[system] (api),1734243788460
2057,2057,2057,2024-12-15 15:23:10.263,[system] (api),2024-12-15 15:23:10.263,[system] (api),1734243790263
2058,2058,2058,2024-12-15 15:23:12.118,[system] (api),2024-12-15 15:23:12.118,[system] (api),1734243792118
2059,2059,2059,2024-12-15 15:23:13.942,[system] (api),2024-12-15 15:23:13.942,[system] (api),1734243793942
2060,2060,2060,2024-12-15 15:23:15.721,[system] (api),2024-12-15 15:23:15.721,[system] (api),1734243795721
2061,2061,2061,2024-12-15 15:23:17.515,[system] (api),2024-12-15 15:23:17.515,[system] (api),1734243797515
2062,2062,2062,2024-12-15 15:23:19.263,[system] (api),2024-12-15 15:23:19.263,[system] (api),1734243799263
2063,2063,2063,2024-12-15 15:23:21.068,[system] (api),2024-12-15 15:23:21.068,[system] (api),1734243801068
2064,2064,2064,2024-12-15 15:23:22.858,[system] (api),2024-12-15 15:23:22.858,[system] (api),1734243802858
2065,2065,2065,2024-12-15 15:23:24.596,[system] (api),2024-12-15 15:23:24.596,[system] (api),1734243804596
2066,2066,2066,2024-12-15 15:23:26.382,[system] (api),2024-12-15 15:23:26.382,[system] (api),1734243806382
2067,2067,2067,2024-12-15 15:23:28.147,[system] (api),2024-12-15 15:23:28.147,[system] (api),1734243808147
2068,2068,2068,2024-12-15 15:23:29.907,[system] (api),2024-12-15 15:23:29.907,[system] (api),1734243809907
2069,2069,2069,2024-12-15 15:23:31.703,[system] (api),2024-12-15 15:23:31.703,[system] (api),1734243811703
2070,2070,2070,2024-12-15 15:23:33.475,[system] (api),2024-12-15 15:23:33.475,[system] (api),1734243813475
2071,2071,2071,2024-12-15 15:23:35.294,[system] (api),2024-12-15 15:23:35.294,[system] (api),1734243815294
2072,2072,2072,2024-12-15 15:23:37.071,[system] (api),2024-12-15 15:23:37.071,[system] (api),1734243817071
2073,2073,2073,2024-12-15 15:23:38.836,[system] (api),2024-12-15 15:23:38.836,[system] (api),1734243818836
2074,2074,2074,2024-12-15 15:23:40.63,[system] (api),2024-12-15 15:23:40.63,[system] (api),1734243820630
2075,2075,2075,2024-12-15 15:23:42.402,[system] (api),2024-12-15 15:23:42.402,[system] (api),1734243822402
2076,2076,2076,2024-12-15 15:23:44.184,[system] (api),2024-12-15 15:23:44.184,[system] (api),1734243824184
2077,2077,2077,2024-12-15 15:23:45.946,[system] (api),2024-12-15 15:23:45.946,[system] (api),1734243825946
2078,2078,2078,2024-12-15 15:23:47.709,[system] (api),2024-12-15 15:23:47.709,[system] (api),1734243827709
2079,2079,2079,2024-12-15 15:23:49.472,[system] (api),2024-12-15 15:23:49.472,[system] (api),1734243829472
2080,2080,2080,2024-12-15 15:23:51.272,[system] (api),2024-12-15 15:23:51.272,[system] (api),1734243831272
2081,2081,2081,2024-12-15 15:23:53.034,[system] (api),2024-12-15 15:23:53.034,[system] (api),1734243833034
2082,2082,2082,2024-12-15 15:23:54.807,[system] (api),2024-12-15 15:23:54.807,[system] (api),1734243834807
2083,2083,2083,2024-12-15 15:23:56.57,[system] (api),2024-12-15 15:23:56.57,[system] (api),1734243836570
2084,2084,2084,2024-12-15 15:23:58.358,[system] (api),2024-12-15 15:23:58.358,[system] (api),1734243838358
2085,2085,2085,2024-12-15 15:24:00.105,[system] (api),2024-12-15 15:24:00.105,[system] (api),1734243840105
2086,2086,2086,2024-12-15 15:24:01.922,[system] (api),2024-12-15 15:24:01.922,[system] (api),1734243841922
2087,2087,2087,2024-12-15 15:24:03.649,[system] (api),2024-12-15 15:24:03.649,[system] (api),1734243843649
2088,2088,2088,2024-12-15 15:24:05.449,[system] (api),2024-12-15 15:24:05.449,[system] (api),1734243845449
2089,2089,2089,2024-12-15 15:24:07.256,[system] (api),2024-12-15 15:24:07.256,[system] (api),1734243847256
2090,2090,2090,2024-12-15 15:24:09.034,[system] (api),2024-12-15 15:24:09.034,[system] (api),1734243849034
2091,2091,2091,2024-12-15 15:24:10.798,[system] (api),2024-12-15 15:24:10.798,[system] (api),1734243850798
2092,2092,2092,2024-12-15 15:24:12.627,[system] (api),2024-12-15 15:24:12.627,[system] (api),1734243852627
2093,2093,2093,2024-12-15 15:24:14.468,[system] (api),2024-12-15 15:24:14.468,[system] (api),1734243854468
2094,2094,2094,2024-12-15 15:24:16.247,[system] (api),2024-12-15 15:24:16.247,[system] (api),1734243856247
2095,2095,2095,2024-12-15 15:24:18.004,[system] (api),2024-12-15 15:24:18.004,[system] (api),1734243858004
2096,2096,2096,2024-12-15 15:24:19.77,[system] (api),2024-12-15 15:24:19.77,[system] (api),1734243859770
2097,2097,2097,2024-12-15 15:24:21.566,[system] (api),2024-12-15 15:24:21.566,[system] (api),1734243861566
2098,2098,2098,2024-12-15 15:24:23.284,[system] (api),2024-12-15 15:24:23.284,[system] (api),1734243863284
2099,2099,2099,2024-12-15 15:24:25.045,[system] (api),2024-12-15 15:24:25.045,[system] (api),1734243865045
2100,2100,2100,2024-12-15 15:24:26.833,[system] (api),2024-12-15 15:24:26.833,[system] (api),1734243866833
2101,2101,2101,2024-12-15 15:24:28.671,[system] (api),2024-12-15 15:24:28.671,[system] (api),1734243868671
2102,2102,2102,2024-12-15 15:24:30.426,[system] (api),2024-12-15 15:24:30.426,[system] (api),1734243870426
2103,2103,2103,2024-12-15 15:24:32.209,[system] (api),2024-12-15 15:24:32.209,[system] (api),1734243872209
2104,2104,2104,2024-12-15 15:24:34.013,[system] (api),2024-12-15 15:24:34.013,[system] (api),1734243874013
2105,2105,2105,2024-12-15 15:24:35.789,[system] (api),2024-12-15 15:24:35.789,[system] (api),1734243875789
2106,2106,2106,2024-12-15 15:24:37.559,[system] (api),2024-12-15 15:24:37.559,[system] (api),1734243877559
2107,2107,2107,2024-12-15 15:24:39.34,[system] (api),2024-12-15 15:24:39.34,[system] (api),1734243879340
2108,2108,2108,2024-12-15 15:24:41.144,[system] (api),2024-12-15 15:24:41.144,[system] (api),1734243881144
2109,2109,2109,2024-12-15 15:24:42.899,[system] (api),2024-12-15 15:24:42.899,[system] (api),1734243882899
2110,2110,2110,2024-12-15 15:24:44.675,[system] (api),2024-12-15 15:24:44.675,[system] (api),1734243884675
2111,2111,2111,2024-12-15 15:24:46.447,[system] (api),2024-12-15 15:24:46.447,[system] (api),1734243886447
2112,2112,2112,2024-12-15 15:24:48.229,[system] (api),2024-12-15 15:24:48.229,[system] (api),1734243888229
2113,2113,2113,2024-12-15 15:24:49.955,[system] (api),2024-12-15 15:24:49.955,[system] (api),1734243889955
2114,2114,2114,2024-12-15 15:24:51.714,[system] (api),2024-12-15 15:24:51.714,[system] (api),1734243891714
2115,2115,2115,2024-12-15 15:24:53.488,[system] (api),2024-12-15 15:24:53.488,[system] (api),1734243893488
2116,2116,2116,2024-12-15 15:24:55.297,[system] (api),2024-12-15 15:24:55.297,[system] (api),1734243895297
2117,2117,2117,2024-12-15 15:24:57.099,[system] (api),2024-12-15 15:24:57.099,[system] (api),1734243897099
2118,2118,2118,2024-12-15 15:24:58.876,[system] (api),2024-12-15 15:24:58.876,[system] (api),1734243898876
2119,2119,2119,2024-12-15 15:25:00.691,[system] (api),2024-12-15 15:25:00.691,[system] (api),1734243900691
2120,2120,2120,2024-12-15 15:25:02.508,[system] (api),2024-12-15 15:25:02.508,[system] (api),1734243902508
2121,2121,2121,2024-12-15 15:25:04.276,[system] (api),2024-12-15 15:25:04.276,[system] (api),1734243904276
2122,2122,2122,2024-12-15 15:25:06.049,[system] (api),2024-12-15 15:25:06.049,[system] (api),1734243906049
2123,2123,2123,2024-12-15 15:25:07.807,[system] (api),2024-12-15 15:25:07.807,[system] (api),1734243907807
2124,2124,2124,2024-12-15 15:25:09.536,[system] (api),2024-12-15 15:25:09.536,[system] (api),1734243909536
2125,2125,2125,2024-12-15 15:25:11.328,[system] (api),2024-12-15 15:25:11.328,[system] (api),1734243911328
2126,2126,2126,2024-12-15 15:25:13.154,[system] (api),2024-12-15 15:25:13.154,[system] (api),1734243913154
2127,2127,2127,2024-12-15 15:25:14.946,[system] (api),2024-12-15 15:25:14.946,[system] (api),1734243914946
2128,2128,2128,2024-12-15 15:25:16.736,[system] (api),2024-12-15 15:25:16.736,[system] (api),1734243916736
2129,2129,2129,2024-12-15 15:25:18.498,[system] (api),2024-12-15 15:25:18.498,[system] (api),1734243918498
2130,2130,2130,2024-12-15 15:25:20.232,[system] (api),2024-12-15 15:25:20.232,[system] (api),1734243920232
2131,2131,2131,2024-12-15 15:25:21.962,[system] (api),2024-12-15 15:25:21.962,[system] (api),1734243921962
2132,2132,2132,2024-12-15 15:25:23.739,[system] (api),2024-12-15 15:25:23.739,[system] (api),1734243923739
2133,2133,2133,2024-12-15 15:25:25.522,[system] (api),2024-12-15 15:25:25.522,[system] (api),1734243925522
2134,2134,2134,2024-12-15 15:25:27.307,[system] (api),2024-12-15 15:25:27.307,[system] (api),1734243927307
2135,2135,2135,2024-12-15 15:25:29.079,[system] (api),2024-12-15 15:25:29.079,[system] (api),1734243929079
2136,2136,2136,2024-12-15 15:25:30.824,[system] (api),2024-12-15 15:25:30.824,[system] (api),1734243930824
2137,2137,2137,2024-12-15 15:25:32.604,[system] (api),2024-12-15 15:25:32.604,[system] (api),1734243932604
2138,2138,2138,2024-12-15 15:25:34.385,[system] (api),2024-12-15 15:25:34.385,[system] (api),1734243934385
2139,2139,2139,2024-12-15 15:25:36.135,[system] (api),2024-12-15 15:25:36.135,[system] (api),1734243936135
2140,2140,2140,2024-12-15 15:25:37.882,[system] (api),2024-12-15 15:25:37.882,[system] (api),1734243937882
2141,2141,2141,2024-12-15 15:25:39.706,[system] (api),2024-12-15 15:25:39.706,[system] (api),1734243939706
2142,2142,2142,2024-12-15 15:25:41.504,[system] (api),2024-12-15 15:25:41.504,[system] (api),1734243941504
2143,2143,2143,2024-12-15 15:25:43.287,[system] (api),2024-12-15 15:25:43.287,[system] (api),1734243943287
2144,2144,2144,2024-12-15 15:25:45.018,[system] (api),2024-12-15 15:25:45.018,[system] (api),1734243945018
2145,2145,2145,2024-12-15 15:25:46.8,[system] (api),2024-12-15 15:25:46.8,[system] (api),1734243946800
2146,2146,2146,2024-12-15 15:25:48.574,[system] (api),2024-12-15 15:25:48.574,[system] (api),1734243948574
2147,2147,2147,2024-12-15 15:25:50.339,[system] (api),2024-12-15 15:25:50.339,[system] (api),1734243950339
2148,2148,2148,2024-12-15 15:25:52.134,[system] (api),2024-12-15 15:25:52.134,[system] (api),1734243952134
2149,2149,2149,2024-12-15 15:25:53.916,[system] (api),2024-12-15 15:25:53.916,[system] (api),1734243953916
2150,2150,2150,2024-12-15 15:25:55.8,[system] (api),2024-12-15 15:25:55.8,[system] (api),1734243955800
2151,2151,2151,2024-12-15 15:25:57.68,[system] (api),2024-12-15 15:25:57.68,[system] (api),1734243957680
2152,2152,2152,2024-12-15 15:25:59.504,[system] (api),2024-12-15 15:25:59.504,[system] (api),1734243959504
2153,2153,2153,2024-12-15 15:26:01.321,[system] (api),2024-12-15 15:26:01.321,[system] (api),1734243961321
2154,2154,2154,2024-12-15 15:26:03.076,[system] (api),2024-12-15 15:26:03.076,[system] (api),1734243963076
2155,2155,2155,2024-12-15 15:26:04.831,[system] (api),2024-12-15 15:26:04.831,[system] (api),1734243964831
2156,2156,2156,2024-12-15 15:26:06.617,[system] (api),2024-12-15 15:26:06.617,[system] (api),1734243966617
2157,2157,2157,2024-12-15 15:26:08.428,[system] (api),2024-12-15 15:26:08.428,[system] (api),1734243968428
2158,2158,2158,2024-12-15 15:26:10.206,[system] (api),2024-12-15 15:26:10.206,[system] (api),1734243970206
2159,2159,2159,2024-12-15 15:26:12.014,[system] (api),2024-12-15 15:26:12.014,[system] (api),1734243972014
2160,2160,2160,2024-12-15 15:26:13.751,[system] (api),2024-12-15 15:26:13.751,[system] (api),1734243973751
2161,2161,2161,2024-12-15 15:26:15.568,[system] (api),2024-12-15 15:26:15.568,[system] (api),1734243975568
2162,2162,2162,2024-12-15 15:26:17.334,[system] (api),2024-12-15 15:26:17.334,[system] (api),1734243977334
2163,2163,2163,2024-12-15 15:26:19.085,[system] (api),2024-12-15 15:26:19.085,[system] (api),1734243979085
2164,2164,2164,2024-12-15 15:26:20.899,[system] (api),2024-12-15 15:26:20.899,[system] (api),1734243980899
2165,2165,2165,2024-12-15 15:26:22.68,[system] (api),2024-12-15 15:26:22.68,[system] (api),1734243982680
2166,2166,2166,2024-12-15 15:26:24.457,[system] (api),2024-12-15 15:26:24.457,[system] (api),1734243984457
2167,2167,2167,2024-12-15 15:26:26.204,[system] (api),2024-12-15 15:26:26.204,[system] (api),1734243986204
2168,2168,2168,2024-12-15 15:26:27.985,[system] (api),2024-12-15 15:26:27.985,[system] (api),1734243987985
2169,2169,2169,2024-12-15 15:26:29.778,[system] (api),2024-12-15 15:26:29.778,[system] (api),1734243989778
2170,2170,2170,2024-12-15 15:26:31.556,[system] (api),2024-12-15 15:26:31.556,[system] (api),1734243991556
2171,2171,2171,2024-12-15 15:26:33.321,[system] (api),2024-12-15 15:26:33.321,[system] (api),1734243993321
2172,2172,2172,2024-12-15 15:26:35.089,[system] (api),2024-12-15 15:26:35.089,[system] (api),1734243995089
2173,2173,2173,2024-12-15 15:26:36.859,[system] (api),2024-12-15 15:26:36.859,[system] (api),1734243996859
2174,2174,2174,2024-12-15 15:26:38.641,[system] (api),2024-12-15 15:26:38.641,[system] (api),1734243998641
2175,2175,2175,2024-12-15 15:26:40.437,[system] (api),2024-12-15 15:26:40.437,[system] (api),1734244000437
2176,2176,2176,2024-12-15 15:26:42.256,[system] (api),2024-12-15 15:26:42.256,[system] (api),1734244002256
2177,2177,2177,2024-12-15 15:26:44.054,[system] (api),2024-12-15 15:26:44.054,[system] (api),1734244004054
2178,2178,2178,2024-12-15 15:26:45.801,[system] (api),2024-12-15 15:26:45.801,[system] (api),1734244005801
2179,2179,2179,2024-12-15 15:26:47.615,[system] (api),2024-12-15 15:26:47.615,[system] (api),1734244007615
2180,2180,2180,2024-12-15 15:26:49.366,[system] (api),2024-12-15 15:26:49.366,[system] (api),1734244009366
2181,2181,2181,2024-12-15 15:26:51.188,[system] (api),2024-12-15 15:26:51.188,[system] (api),1734244011188
2182,2182,2182,2024-12-15 15:26:52.965,[system] (api),2024-12-15 15:26:52.965,[system] (api),1734244012965
2183,2183,2183,2024-12-15 15:26:54.799,[system] (api),2024-12-15 15:26:54.799,[system] (api),1734244014799
2184,2184,2184,2024-12-15 15:26:56.543,[system] (api),2024-12-15 15:26:56.543,[system] (api),1734244016543
2185,2185,2185,2024-12-15 15:26:58.302,[system] (api),2024-12-15 15:26:58.302,[system] (api),1734244018302
2186,2186,2186,2024-12-15 15:27:00.062,[system] (api),2024-12-15 15:27:00.062,[system] (api),1734244020062
2187,2187,2187,2024-12-15 15:27:01.875,[system] (api),2024-12-15 15:27:01.875,[system] (api),1734244021875
2188,2188,2188,2024-12-15 15:27:03.656,[system] (api),2024-12-15 15:27:03.656,[system] (api),1734244023656
2189,2189,2189,2024-12-15 15:27:05.4,[system] (api),2024-12-15 15:27:05.4,[system] (api),1734244025400
2190,2190,2190,2024-12-15 15:27:07.155,[system] (api),2024-12-15 15:27:07.155,[system] (api),1734244027155
2191,2191,2191,2024-12-15 15:27:08.898,[system] (api),2024-12-15 15:27:08.898,[system] (api),1734244028898
2192,2192,2192,2024-12-15 15:27:10.662,[system] (api),2024-12-15 15:27:10.662,[system] (api),1734244030662
2193,2193,2193,2024-12-15 15:27:12.495,[system] (api),2024-12-15 15:27:12.495,[system] (api),1734244032495
2194,2194,2194,2024-12-15 15:27:14.255,[system] (api),2024-12-15 15:27:14.255,[system] (api),1734244034255
2195,2195,2195,2024-12-15 15:27:16.043,[system] (api),2024-12-15 15:27:16.043,[system] (api),1734244036043
2196,2196,2196,2024-12-15 15:27:17.786,[system] (api),2024-12-15 15:27:17.786,[system] (api),1734244037786
2197,2197,2197,2024-12-15 15:27:19.568,[system] (api),2024-12-15 15:27:19.568,[system] (api),1734244039568
2198,2198,2198,2024-12-15 15:27:21.36,[system] (api),2024-12-15 15:27:21.36,[system] (api),1734244041360
2199,2199,2199,2024-12-15 15:27:23.088,[system] (api),2024-12-15 15:27:23.088,[system] (api),1734244043088
2200,2200,2200,2024-12-15 15:27:24.876,[system] (api),2024-12-15 15:27:24.876,[system] (api),1734244044876
2201,2201,2201,2024-12-15 15:27:26.663,[system] (api),2024-12-15 15:27:26.663,[system] (api),1734244046663
2202,2202,2202,2024-12-15 16:39:00.134,[system] (api),2024-12-15 16:39:00.134,[system] (api),1734248340134
2203,2203,2203,2024-12-15 16:39:03.685,[system] (api),2024-12-15 16:39:03.685,[system] (api),1734248343685
2204,2204,2204,2024-12-15 16:39:07.422,[system] (api),2024-12-15 16:39:07.422,[system] (api),1734248347422
2205,2205,2205,2024-12-15 16:39:11.129,[system] (api),2024-12-15 16:39:11.129,[system] (api),1734248351129
2206,2206,2206,2024-12-15 16:39:14.7,[system] (api),2024-12-15 16:39:14.7,[system] (api),1734248354700
2207,2207,2207,2024-12-15 16:39:18.391,[system] (api),2024-12-15 16:39:18.391,[system] (api),1734248358391
2208,2208,2208,2024-12-15 16:39:21.979,[system] (api),2024-12-15 16:39:21.979,[system] (api),1734248361979
2209,2209,2209,2024-12-15 16:39:25.546,[system] (api),2024-12-15 16:39:25.546,[system] (api),1734248365546
2210,2210,2210,2024-12-15 16:39:29.109,[system] (api),2024-12-15 16:39:29.109,[system] (api),1734248369109
2211,2211,2211,2024-12-15 16:39:32.713,[system] (api),2024-12-15 16:39:32.713,[system] (api),1734248372713
2212,2212,2212,2024-12-15 16:39:36.365,[system] (api),2024-12-15 16:39:36.365,[system] (api),1734248376365
2213,2213,2213,2024-12-15 16:39:39.959,[system] (api),2024-12-15 16:39:39.959,[system] (api),1734248379959
2214,2214,2214,2024-12-15 16:39:43.621,[system] (api),2024-12-15 16:39:43.621,[system] (api),1734248383621
2215,2215,2215,2024-12-15 16:39:47.341,[system] (api),2024-12-15 16:39:47.341,[system] (api),1734248387341
2216,2216,2216,2024-12-15 16:39:50.991,[system] (api),2024-12-15 16:39:50.991,[system] (api),1734248390991
2217,2217,2217,2024-12-15 16:39:54.584,[system] (api),2024-12-15 16:39:54.584,[system] (api),1734248394584
2221,2221,2221,2024-12-15 16:40:09.455,[system] (api),2024-12-15 16:40:09.455,[system] (api),1734248409455
2218,2218,2218,2024-12-15 16:39:58.296,[system] (api),2024-12-15 16:39:58.296,[system] (api),1734248398296
2222,2222,2222,2024-12-15 16:40:13.014,[system] (api),2024-12-15 16:40:13.014,[system] (api),1734248413014
2219,2219,2219,2024-12-15 16:40:01.942,[system] (api),2024-12-15 16:40:01.942,[system] (api),1734248401942
2220,2220,2220,2024-12-15 16:40:05.683,[system] (api),2024-12-15 16:40:05.683,[system] (api),1734248405683
2223,2223,2223,2024-12-15 16:40:16.626,[system] (api),2024-12-15 16:40:16.626,[system] (api),1734248416626
2224,2224,2224,2024-12-15 16:40:20.248,[system] (api),2024-12-15 16:40:20.248,[system] (api),1734248420248
2225,2225,2225,2024-12-15 16:40:23.838,[system] (api),2024-12-15 16:40:23.838,[system] (api),1734248423838
2226,2226,2226,2024-12-15 16:40:27.397,[system] (api),2024-12-15 16:40:27.397,[system] (api),1734248427397
2227,2227,2227,2024-12-15 16:40:31.028,[system] (api),2024-12-15 16:40:31.028,[system] (api),1734248431028
2228,2228,2228,2024-12-15 16:40:34.687,[system] (api),2024-12-15 16:40:34.687,[system] (api),1734248434687
2229,2229,2229,2024-12-15 16:40:38.271,[system] (api),2024-12-15 16:40:38.271,[system] (api),1734248438271
2230,2230,2230,2024-12-15 16:40:41.934,[system] (api),2024-12-15 16:40:41.934,[system] (api),1734248441934
2231,2231,2231,2024-12-15 16:40:45.468,[system] (api),2024-12-15 16:40:45.468,[system] (api),1734248445468
2232,2232,2232,2024-12-15 16:40:49.135,[system] (api),2024-12-15 16:40:49.135,[system] (api),1734248449135
2233,2233,2233,2024-12-15 16:40:52.782,[system] (api),2024-12-15 16:40:52.782,[system] (api),1734248452782
2234,2234,2234,2024-12-15 16:40:56.402,[system] (api),2024-12-15 16:40:56.402,[system] (api),1734248456402
2235,2235,2235,2024-12-15 16:40:59.919,[system] (api),2024-12-15 16:40:59.919,[system] (api),1734248459919
2236,2236,2236,2024-12-15 16:41:03.504,[system] (api),2024-12-15 16:41:03.504,[system] (api),1734248463504
2237,2237,2237,2024-12-15 16:41:07.113,[system] (api),2024-12-15 16:41:07.113,[system] (api),1734248467113
2238,2238,2238,2024-12-15 16:41:10.7,[system] (api),2024-12-15 16:41:10.7,[system] (api),1734248470700
2239,2239,2239,2024-12-15 16:41:14.249,[system] (api),2024-12-15 16:41:14.249,[system] (api),1734248474249
2240,2240,2240,2024-12-15 16:41:17.864,[system] (api),2024-12-15 16:41:17.864,[system] (api),1734248477864
2241,2241,2241,2024-12-15 16:41:21.458,[system] (api),2024-12-15 16:41:21.458,[system] (api),1734248481458
2242,2242,2242,2024-12-15 16:41:25.063,[system] (api),2024-12-15 16:41:25.063,[system] (api),1734248485063
2243,2243,2243,2024-12-15 16:41:28.796,[system] (api),2024-12-15 16:41:28.796,[system] (api),1734248488796
2244,2244,2244,2024-12-15 16:41:32.369,[system] (api),2024-12-15 16:41:32.369,[system] (api),1734248492369
2245,2245,2245,2024-12-15 16:41:35.936,[system] (api),2024-12-15 16:41:35.936,[system] (api),1734248495936
2246,2246,2246,2024-12-15 16:41:39.498,[system] (api),2024-12-15 16:41:39.498,[system] (api),1734248499498
2247,2247,2247,2024-12-15 16:41:43.058,[system] (api),2024-12-15 16:41:43.058,[system] (api),1734248503058
2248,2248,2248,2024-12-15 16:41:46.69,[system] (api),2024-12-15 16:41:46.69,[system] (api),1734248506690
2249,2249,2249,2024-12-15 16:41:50.33,[system] (api),2024-12-15 16:41:50.33,[system] (api),1734248510330
2250,2250,2250,2024-12-15 16:41:53.956,[system] (api),2024-12-15 16:41:53.956,[system] (api),1734248513956
2251,2251,2251,2024-12-15 16:41:57.59,[system] (api),2024-12-15 16:41:57.59,[system] (api),1734248517590
2252,2252,2252,2024-12-15 16:42:01.151,[system] (api),2024-12-15 16:42:01.151,[system] (api),1734248521151
2253,2253,2253,2024-12-15 16:42:04.796,[system] (api),2024-12-15 16:42:04.796,[system] (api),1734248524796
2254,2254,2254,2024-12-15 16:42:08.342,[system] (api),2024-12-15 16:42:08.342,[system] (api),1734248528342
2255,2255,2255,2024-12-15 16:42:11.92,[system] (api),2024-12-15 16:42:11.92,[system] (api),1734248531920
2256,2256,2256,2024-12-15 16:42:15.494,[system] (api),2024-12-15 16:42:15.494,[system] (api),1734248535494
2257,2257,2257,2024-12-15 16:42:19.085,[system] (api),2024-12-15 16:42:19.085,[system] (api),1734248539085
2258,2258,2258,2024-12-15 16:42:22.639,[system] (api),2024-12-15 16:42:22.639,[system] (api),1734248542639
2259,2259,2259,2024-12-15 16:42:26.158,[system] (api),2024-12-15 16:42:26.158,[system] (api),1734248546158
2260,2260,2260,2024-12-15 16:42:29.741,[system] (api),2024-12-15 16:42:29.741,[system] (api),1734248549741
2261,2261,2261,2024-12-15 16:42:33.305,[system] (api),2024-12-15 16:42:33.305,[system] (api),1734248553305
2262,2262,2262,2024-12-15 16:42:36.888,[system] (api),2024-12-15 16:42:36.888,[system] (api),1734248556888
2263,2263,2263,2024-12-15 16:42:40.444,[system] (api),2024-12-15 16:42:40.444,[system] (api),1734248560444
2264,2264,2264,2024-12-15 16:42:44.017,[system] (api),2024-12-15 16:42:44.017,[system] (api),1734248564017
2265,2265,2265,2024-12-15 16:42:47.579,[system] (api),2024-12-15 16:42:47.579,[system] (api),1734248567579
2266,2266,2266,2024-12-15 16:42:51.225,[system] (api),2024-12-15 16:42:51.225,[system] (api),1734248571225
2267,2267,2267,2024-12-15 16:42:54.758,[system] (api),2024-12-15 16:42:54.758,[system] (api),1734248574758
2268,2268,2268,2024-12-15 16:42:58.289,[system] (api),2024-12-15 16:42:58.289,[system] (api),1734248578289
2269,2269,2269,2024-12-15 16:43:01.902,[system] (api),2024-12-15 16:43:01.902,[system] (api),1734248581902
2270,2270,2270,2024-12-15 16:43:05.457,[system] (api),2024-12-15 16:43:05.457,[system] (api),1734248585457
2271,2271,2271,2024-12-15 16:43:09.026,[system] (api),2024-12-15 16:43:09.026,[system] (api),1734248589026
2272,2272,2272,2024-12-15 16:43:12.594,[system] (api),2024-12-15 16:43:12.594,[system] (api),1734248592594
2273,2273,2273,2024-12-15 16:43:16.148,[system] (api),2024-12-15 16:43:16.148,[system] (api),1734248596148
2274,2274,2274,2024-12-15 16:43:19.745,[system] (api),2024-12-15 16:43:19.745,[system] (api),1734248599745
2275,2275,2275,2024-12-15 16:43:23.328,[system] (api),2024-12-15 16:43:23.328,[system] (api),1734248603328
2276,2276,2276,2024-12-15 16:43:26.905,[system] (api),2024-12-15 16:43:26.905,[system] (api),1734248606905
2277,2277,2277,2024-12-15 16:43:30.466,[system] (api),2024-12-15 16:43:30.466,[system] (api),1734248610466
2278,2278,2278,2024-12-15 16:43:34.007,[system] (api),2024-12-15 16:43:34.007,[system] (api),1734248614007
2279,2279,2279,2024-12-15 16:43:37.566,[system] (api),2024-12-15 16:43:37.566,[system] (api),1734248617566
2280,2280,2280,2024-12-15 16:43:41.095,[system] (api),2024-12-15 16:43:41.095,[system] (api),1734248621095
2281,2281,2281,2024-12-15 16:43:44.69,[system] (api),2024-12-15 16:43:44.69,[system] (api),1734248624690
2282,2282,2282,2024-12-15 16:43:48.276,[system] (api),2024-12-15 16:43:48.276,[system] (api),1734248628276
2283,2283,2283,2024-12-15 16:43:51.84,[system] (api),2024-12-15 16:43:51.84,[system] (api),1734248631840
2284,2284,2284,2024-12-15 16:43:55.412,[system] (api),2024-12-15 16:43:55.412,[system] (api),1734248635412
2285,2285,2285,2024-12-15 16:43:59.06,[system] (api),2024-12-15 16:43:59.06,[system] (api),1734248639060
2286,2286,2286,2024-12-15 16:44:02.643,[system] (api),2024-12-15 16:44:02.643,[system] (api),1734248642643
2287,2287,2287,2024-12-15 16:44:06.287,[system] (api),2024-12-15 16:44:06.287,[system] (api),1734248646287
2288,2288,2288,2024-12-15 16:44:09.88,[system] (api),2024-12-15 16:44:09.88,[system] (api),1734248649880
2289,2289,2289,2024-12-15 16:44:13.439,[system] (api),2024-12-15 16:44:13.439,[system] (api),1734248653439
2290,2290,2290,2024-12-15 16:44:17.007,[system] (api),2024-12-15 16:44:17.007,[system] (api),1734248657007
2291,2291,2291,2024-12-15 16:44:20.551,[system] (api),2024-12-15 16:44:20.551,[system] (api),1734248660551
2292,2292,2292,2024-12-15 16:44:24.119,[system] (api),2024-12-15 16:44:24.119,[system] (api),1734248664119
2293,2293,2293,2024-12-15 16:44:27.672,[system] (api),2024-12-15 16:44:27.672,[system] (api),1734248667672
2294,2294,2294,2024-12-15 16:44:31.239,[system] (api),2024-12-15 16:44:31.239,[system] (api),1734248671239
2295,2295,2295,2024-12-15 16:44:34.862,[system] (api),2024-12-15 16:44:34.862,[system] (api),1734248674862
2296,2296,2296,2024-12-15 16:44:38.38,[system] (api),2024-12-15 16:44:38.38,[system] (api),1734248678380
2297,2297,2297,2024-12-15 16:44:41.944,[system] (api),2024-12-15 16:44:41.944,[system] (api),1734248681944
2299,2299,2299,2024-12-15 16:44:49.051,[system] (api),2024-12-15 16:44:49.051,[system] (api),1734248689051
2302,2302,2302,2024-12-15 16:44:59.799,[system] (api),2024-12-15 16:44:59.799,[system] (api),1734248699799
2304,2304,2304,2024-12-15 16:45:07.017,[system] (api),2024-12-15 16:45:07.017,[system] (api),1734248707017
2309,2309,2309,2024-12-15 16:45:24.846,[system] (api),2024-12-15 16:45:24.846,[system] (api),1734248724846
2312,2312,2312,2024-12-15 16:45:35.619,[system] (api),2024-12-15 16:45:35.619,[system] (api),1734248735619
2315,2315,2315,2024-12-15 16:45:46.287,[system] (api),2024-12-15 16:45:46.287,[system] (api),1734248746287
2318,2318,2318,2024-12-15 16:45:58.637,[system] (api),2024-12-15 16:45:58.637,[system] (api),1734248758637
2323,2323,2323,2024-12-15 16:46:16.57,[system] (api),2024-12-15 16:46:16.57,[system] (api),1734248776570
2330,2330,2330,2024-12-15 16:46:41.682,[system] (api),2024-12-15 16:46:41.682,[system] (api),1734248801682
2338,2338,2338,2024-12-15 16:47:10.102,[system] (api),2024-12-15 16:47:10.102,[system] (api),1734248830102
2340,2340,2340,2024-12-15 16:47:17.273,[system] (api),2024-12-15 16:47:17.273,[system] (api),1734248837273
2344,2344,2344,2024-12-15 16:47:31.621,[system] (api),2024-12-15 16:47:31.621,[system] (api),1734248851621
2348,2348,2348,2024-12-15 16:47:45.852,[system] (api),2024-12-15 16:47:45.852,[system] (api),1734248865852
2352,2352,2352,2024-12-15 16:48:00.039,[system] (api),2024-12-15 16:48:00.039,[system] (api),1734248880039
2298,2298,2298,2024-12-15 16:44:45.496,[system] (api),2024-12-15 16:44:45.496,[system] (api),1734248685496
2300,2300,2300,2024-12-15 16:44:52.656,[system] (api),2024-12-15 16:44:52.656,[system] (api),1734248692656
2301,2301,2301,2024-12-15 16:44:56.223,[system] (api),2024-12-15 16:44:56.223,[system] (api),1734248696223
2303,2303,2303,2024-12-15 16:45:03.438,[system] (api),2024-12-15 16:45:03.438,[system] (api),1734248703438
2305,2305,2305,2024-12-15 16:45:10.561,[system] (api),2024-12-15 16:45:10.561,[system] (api),1734248710561
2306,2306,2306,2024-12-15 16:45:14.175,[system] (api),2024-12-15 16:45:14.175,[system] (api),1734248714175
2307,2307,2307,2024-12-15 16:45:17.729,[system] (api),2024-12-15 16:45:17.729,[system] (api),1734248717729
2308,2308,2308,2024-12-15 16:45:21.297,[system] (api),2024-12-15 16:45:21.297,[system] (api),1734248721297
2310,2310,2310,2024-12-15 16:45:28.371,[system] (api),2024-12-15 16:45:28.371,[system] (api),1734248728371
2311,2311,2311,2024-12-15 16:45:32.061,[system] (api),2024-12-15 16:45:32.061,[system] (api),1734248732061
2313,2313,2313,2024-12-15 16:45:39.167,[system] (api),2024-12-15 16:45:39.167,[system] (api),1734248739167
2314,2314,2314,2024-12-15 16:45:42.738,[system] (api),2024-12-15 16:45:42.738,[system] (api),1734248742738
2316,2316,2316,2024-12-15 16:45:49.865,[system] (api),2024-12-15 16:45:49.865,[system] (api),1734248749865
2317,2317,2317,2024-12-15 16:45:53.405,[system] (api),2024-12-15 16:45:53.405,[system] (api),1734248753405
2319,2319,2319,2024-12-15 16:46:02.179,[system] (api),2024-12-15 16:46:02.179,[system] (api),1734248762179
2320,2320,2320,2024-12-15 16:46:05.766,[system] (api),2024-12-15 16:46:05.766,[system] (api),1734248765766
2321,2321,2321,2024-12-15 16:46:09.391,[system] (api),2024-12-15 16:46:09.391,[system] (api),1734248769391
2322,2322,2322,2024-12-15 16:46:13.026,[system] (api),2024-12-15 16:46:13.026,[system] (api),1734248773026
2324,2324,2324,2024-12-15 16:46:20.272,[system] (api),2024-12-15 16:46:20.272,[system] (api),1734248780272
2325,2325,2325,2024-12-15 16:46:23.852,[system] (api),2024-12-15 16:46:23.852,[system] (api),1734248783852
2326,2326,2326,2024-12-15 16:46:27.37,[system] (api),2024-12-15 16:46:27.37,[system] (api),1734248787370
2327,2327,2327,2024-12-15 16:46:30.965,[system] (api),2024-12-15 16:46:30.965,[system] (api),1734248790965
2328,2328,2328,2024-12-15 16:46:34.55,[system] (api),2024-12-15 16:46:34.55,[system] (api),1734248794550
2329,2329,2329,2024-12-15 16:46:38.128,[system] (api),2024-12-15 16:46:38.128,[system] (api),1734248798128
2331,2331,2331,2024-12-15 16:46:45.232,[system] (api),2024-12-15 16:46:45.232,[system] (api),1734248805232
2332,2332,2332,2024-12-15 16:46:48.781,[system] (api),2024-12-15 16:46:48.781,[system] (api),1734248808781
2333,2333,2333,2024-12-15 16:46:52.353,[system] (api),2024-12-15 16:46:52.353,[system] (api),1734248812353
2334,2334,2334,2024-12-15 16:46:55.901,[system] (api),2024-12-15 16:46:55.901,[system] (api),1734248815901
2335,2335,2335,2024-12-15 16:46:59.43,[system] (api),2024-12-15 16:46:59.43,[system] (api),1734248819430
2336,2336,2336,2024-12-15 16:47:03.036,[system] (api),2024-12-15 16:47:03.036,[system] (api),1734248823036
2337,2337,2337,2024-12-15 16:47:06.575,[system] (api),2024-12-15 16:47:06.575,[system] (api),1734248826575
2339,2339,2339,2024-12-15 16:47:13.666,[system] (api),2024-12-15 16:47:13.666,[system] (api),1734248833666
2341,2341,2341,2024-12-15 16:47:20.854,[system] (api),2024-12-15 16:47:20.854,[system] (api),1734248840854
2342,2342,2342,2024-12-15 16:47:24.499,[system] (api),2024-12-15 16:47:24.499,[system] (api),1734248844499
2343,2343,2343,2024-12-15 16:47:28.077,[system] (api),2024-12-15 16:47:28.077,[system] (api),1734248848077
2345,2345,2345,2024-12-15 16:47:35.235,[system] (api),2024-12-15 16:47:35.235,[system] (api),1734248855235
2346,2346,2346,2024-12-15 16:47:38.758,[system] (api),2024-12-15 16:47:38.758,[system] (api),1734248858758
2347,2347,2347,2024-12-15 16:47:42.305,[system] (api),2024-12-15 16:47:42.305,[system] (api),1734248862305
2349,2349,2349,2024-12-15 16:47:49.424,[system] (api),2024-12-15 16:47:49.424,[system] (api),1734248869424
2350,2350,2350,2024-12-15 16:47:52.931,[system] (api),2024-12-15 16:47:52.931,[system] (api),1734248872931
2351,2351,2351,2024-12-15 16:47:56.494,[system] (api),2024-12-15 16:47:56.494,[system] (api),1734248876494
2353,2353,2353,2024-12-15 16:48:03.594,[system] (api),2024-12-15 16:48:03.594,[system] (api),1734248883594
2354,2354,2354,2024-12-15 16:48:07.17,[system] (api),2024-12-15 16:48:07.17,[system] (api),1734248887170
2355,2355,2355,2024-12-15 16:48:10.72,[system] (api),2024-12-15 16:48:10.72,[system] (api),1734248890720
2356,2356,2356,2024-12-15 16:48:14.275,[system] (api),2024-12-15 16:48:14.275,[system] (api),1734248894275
2357,2357,2357,2024-12-15 16:48:17.823,[system] (api),2024-12-15 16:48:17.823,[system] (api),1734248897823
2358,2358,2358,2024-12-15 16:48:21.467,[system] (api),2024-12-15 16:48:21.467,[system] (api),1734248901467
2359,2359,2359,2024-12-15 16:48:25.034,[system] (api),2024-12-15 16:48:25.034,[system] (api),1734248905034
2360,2360,2360,2024-12-15 16:48:28.615,[system] (api),2024-12-15 16:48:28.615,[system] (api),1734248908615
2361,2361,2361,2024-12-15 16:48:32.248,[system] (api),2024-12-15 16:48:32.248,[system] (api),1734248912248
2362,2362,2362,2024-12-15 16:48:35.784,[system] (api),2024-12-15 16:48:35.784,[system] (api),1734248915784
2363,2363,2363,2024-12-15 16:48:39.316,[system] (api),2024-12-15 16:48:39.316,[system] (api),1734248919316
2364,2364,2364,2024-12-15 16:48:42.88,[system] (api),2024-12-15 16:48:42.88,[system] (api),1734248922880
2365,2365,2365,2024-12-15 16:48:46.398,[system] (api),2024-12-15 16:48:46.398,[system] (api),1734248926398
2366,2366,2366,2024-12-15 16:48:50.008,[system] (api),2024-12-15 16:48:50.008,[system] (api),1734248930008
2367,2367,2367,2024-12-15 16:48:53.567,[system] (api),2024-12-15 16:48:53.567,[system] (api),1734248933567
2368,2368,2368,2024-12-15 16:48:57.125,[system] (api),2024-12-15 16:48:57.125,[system] (api),1734248937125
2369,2369,2369,2024-12-15 16:49:00.694,[system] (api),2024-12-15 16:49:00.694,[system] (api),1734248940694
2370,2370,2370,2024-12-15 16:49:04.229,[system] (api),2024-12-15 16:49:04.229,[system] (api),1734248944229
2371,2371,2371,2024-12-15 16:49:07.803,[system] (api),2024-12-15 16:49:07.803,[system] (api),1734248947803
2372,2372,2372,2024-12-15 16:49:11.349,[system] (api),2024-12-15 16:49:11.349,[system] (api),1734248951349
2373,2373,2373,2024-12-15 16:49:14.896,[system] (api),2024-12-15 16:49:14.896,[system] (api),1734248954896
2374,2374,2374,2024-12-15 16:49:18.467,[system] (api),2024-12-15 16:49:18.467,[system] (api),1734248958467
2375,2375,2375,2024-12-15 16:49:22.018,[system] (api),2024-12-15 16:49:22.018,[system] (api),1734248962018
2376,2376,2376,2024-12-15 16:49:25.584,[system] (api),2024-12-15 16:49:25.584,[system] (api),1734248965584
2377,2377,2377,2024-12-15 16:49:29.166,[system] (api),2024-12-15 16:49:29.166,[system] (api),1734248969166
2378,2378,2378,2024-12-15 16:49:32.724,[system] (api),2024-12-15 16:49:32.724,[system] (api),1734248972724
2379,2379,2379,2024-12-15 16:49:36.38,[system] (api),2024-12-15 16:49:36.38,[system] (api),1734248976380
2380,2380,2380,2024-12-15 16:49:39.93,[system] (api),2024-12-15 16:49:39.93,[system] (api),1734248979930
2381,2381,2381,2024-12-15 16:49:43.496,[system] (api),2024-12-15 16:49:43.496,[system] (api),1734248983496
2382,2382,2382,2024-12-15 16:49:47.045,[system] (api),2024-12-15 16:49:47.045,[system] (api),1734248987045
2383,2383,2383,2024-12-15 16:49:50.606,[system] (api),2024-12-15 16:49:50.606,[system] (api),1734248990606
2384,2384,2384,2024-12-15 16:49:54.201,[system] (api),2024-12-15 16:49:54.201,[system] (api),1734248994201
2385,2385,2385,2024-12-15 16:49:57.749,[system] (api),2024-12-15 16:49:57.749,[system] (api),1734248997749
2386,2386,2386,2024-12-15 16:50:01.301,[system] (api),2024-12-15 16:50:01.301,[system] (api),1734249001301
2387,2387,2387,2024-12-15 16:50:04.902,[system] (api),2024-12-15 16:50:04.902,[system] (api),1734249004902
2388,2388,2388,2024-12-15 16:50:08.445,[system] (api),2024-12-15 16:50:08.445,[system] (api),1734249008445
2389,2389,2389,2024-12-15 16:50:12.015,[system] (api),2024-12-15 16:50:12.015,[system] (api),1734249012015
2390,2390,2390,2024-12-15 16:50:15.627,[system] (api),2024-12-15 16:50:15.627,[system] (api),1734249015627
2391,2391,2391,2024-12-15 16:50:19.167,[system] (api),2024-12-15 16:50:19.167,[system] (api),1734249019167
2392,2392,2392,2024-12-15 16:50:22.773,[system] (api),2024-12-15 16:50:22.773,[system] (api),1734249022773
2393,2393,2393,2024-12-15 16:50:26.332,[system] (api),2024-12-15 16:50:26.332,[system] (api),1734249026332
2394,2394,2394,2024-12-15 16:50:29.925,[system] (api),2024-12-15 16:50:29.925,[system] (api),1734249029925
2400,2400,2400,2024-12-15 16:50:51.44,[system] (api),2024-12-15 16:50:51.44,[system] (api),1734249051440
2395,2395,2395,2024-12-15 16:50:33.559,[system] (api),2024-12-15 16:50:33.559,[system] (api),1734249033559
2396,2396,2396,2024-12-15 16:50:37.161,[system] (api),2024-12-15 16:50:37.161,[system] (api),1734249037161
2397,2397,2397,2024-12-15 16:50:40.757,[system] (api),2024-12-15 16:50:40.757,[system] (api),1734249040757
2398,2398,2398,2024-12-15 16:50:44.375,[system] (api),2024-12-15 16:50:44.375,[system] (api),1734249044375
2399,2399,2399,2024-12-15 16:50:47.921,[system] (api),2024-12-15 16:50:47.921,[system] (api),1734249047921
2401,2401,2401,2024-12-15 16:50:55.036,[system] (api),2024-12-15 16:50:55.036,[system] (api),1734249055036
2402,2402,2402,2024-12-26 22:28:16.453,[system] (api),2024-12-26 22:28:16.453,[system] (api),1735219696453
2403,2403,2403,2025-01-08 00:55:00.467,[system],2025-01-08 00:55:00.467,[system],1736265300467
2404,2404,2404,2025-01-08 00:55:00.551,[system],2025-01-08 00:55:00.551,[system],1736265300551
2405,2405,2405,2025-01-08 00:55:00.557,[system],2025-01-08 00:55:00.557,[system],1736265300557
2406,2406,2406,2025-01-08 00:55:00.561,[system],2025-01-08 00:55:00.561,[system],1736265300561
2407,2407,2407,2025-01-08 00:55:00.564,[system],2025-01-08 00:55:00.564,[system],1736265300564
