1001,1001,OFFICE,"",1900-02-01 00:00:00,2099-02-01 00:00:00
1002,1001,DEPARTMENT,"",1900-02-01 00:00:00,2099-02-01 00:00:00
1003,1002,OFFICE,"",1900-02-01 00:00:00,2099-02-01 00:00:00
1004,1002,DEPARTMENT,"",1900-02-01 00:00:00,2099-02-01 00:00:00
1005,1003,OFFICE,"",1900-02-01 00:00:00,2099-02-01 00:00:00
1006,1003,DEPARTMENT,"",1900-02-01 00:00:00,2099-02-01 00:00:00
1007,1004,OFFICE,"",1900-02-01 00:00:00,2099-02-01 00:00:00
1008,1004,DEPARTMENT,"",1900-02-01 00:00:00,2099-02-01 00:00:00
1009,1005,OFFICE,"",1900-02-01 00:00:00,2099-02-01 00:00:00
1010,1005,DEPARTMENT,"",1900-02-01 00:00:00,2099-02-01 00:00:00
1011,1006,OFFICE,"",1900-02-01 00:00:00,2099-02-01 00:00:00
1012,1006,DEPARTMENT,"",1900-02-01 00:00:00,2099-02-01 00:00:00
1013,1007,OFFICE,"",1900-02-01 00:00:00,2099-02-01 00:00:00
1014,1007,DEPARTMENT,"",1900-02-01 00:00:00,2099-02-01 00:00:00
1015,1008,OFFICE,"",1900-02-01 00:00:00,2099-02-01 00:00:00
1016,1008,DEPARTMENT,"",1900-02-01 00:00:00,2099-02-01 00:00:00
1017,1009,OFFICE,"",1900-02-01 00:00:00,2099-02-01 00:00:00
1018,1009,DEPARTMENT,"",1900-02-01 00:00:00,2099-02-01 00:00:00
1019,1010,OFFICE,"",1900-02-01 00:00:00,2099-02-01 00:00:00
1020,1010,DEPARTMENT,[No department],1900-02-01 00:00:00,2099-02-01 00:00:00
1021,1011,OFFICE,"",1900-02-01 00:00:00,2099-02-01 00:00:00
1022,1011,DEPARTMENT,"",1900-02-01 00:00:00,2099-02-01 00:00:00
2002,2002,OFFICE,"",1900-02-01 00:00:00,2099-02-01 00:00:00
2590,2190,DEPARTMENT,'은행SO사업부-D20736',2024-12-15 00:00:00,2099-02-01 00:00:00
2004,2003,OFFICE,"",1900-02-01 00:00:00,2099-02-01 00:00:00
2006,2004,OFFICE,"",1900-02-01 00:00:00,2099-02-01 00:00:00
2008,2005,OFFICE,"",1900-02-01 00:00:00,2099-02-01 00:00:00
2010,2006,OFFICE,"",1900-02-01 00:00:00,2099-02-01 00:00:00
2012,2007,OFFICE,"",1900-02-01 00:00:00,2099-02-01 00:00:00
2014,2008,OFFICE,"",1900-02-01 00:00:00,2099-02-01 00:00:00
2016,2009,OFFICE,"",1900-02-01 00:00:00,2099-02-01 00:00:00
2018,2010,OFFICE,"",1900-02-01 00:00:00,2099-02-01 00:00:00
2020,2011,OFFICE,"",1900-02-01 00:00:00,2099-02-01 00:00:00
2022,2012,OFFICE,"",1900-02-01 00:00:00,2099-02-01 00:00:00
2024,2013,OFFICE,"",1900-02-01 00:00:00,2099-02-01 00:00:00
2026,2014,OFFICE,"",1900-02-01 00:00:00,2099-02-01 00:00:00
2028,2015,OFFICE,"",1900-02-01 00:00:00,2099-02-01 00:00:00
2030,2016,OFFICE,"",1900-02-01 00:00:00,2099-02-01 00:00:00
2032,2017,OFFICE,"",1900-02-01 00:00:00,2099-02-01 00:00:00
2034,2018,OFFICE,"",1900-02-01 00:00:00,2099-02-01 00:00:00
2036,2019,OFFICE,"",1900-02-01 00:00:00,2099-02-01 00:00:00
2038,2020,OFFICE,"",1900-02-01 00:00:00,2099-02-01 00:00:00
2040,2021,OFFICE,"",1900-02-01 00:00:00,2099-02-01 00:00:00
2042,2022,OFFICE,"",1900-02-01 00:00:00,2099-02-01 00:00:00
2044,2023,OFFICE,"",1900-02-01 00:00:00,2099-02-01 00:00:00
2046,2024,OFFICE,"",1900-02-01 00:00:00,2099-02-01 00:00:00
2048,2025,OFFICE,"",1900-02-01 00:00:00,2099-02-01 00:00:00
2050,2026,OFFICE,"",1900-02-01 00:00:00,2099-02-01 00:00:00
2052,2027,OFFICE,"",1900-02-01 00:00:00,2099-02-01 00:00:00
2054,2028,OFFICE,"",1900-02-01 00:00:00,2099-02-01 00:00:00
2056,2029,OFFICE,"",1900-02-01 00:00:00,2099-02-01 00:00:00
2058,2030,OFFICE,"",1900-02-01 00:00:00,2099-02-01 00:00:00
2060,2031,OFFICE,"",1900-02-01 00:00:00,2099-02-01 00:00:00
2062,2032,OFFICE,"",1900-02-01 00:00:00,2099-02-01 00:00:00
2064,2033,OFFICE,"",1900-02-01 00:00:00,2099-02-01 00:00:00
2066,2034,OFFICE,"",1900-02-01 00:00:00,2099-02-01 00:00:00
2068,2035,OFFICE,"",1900-02-01 00:00:00,2099-02-01 00:00:00
2070,2036,OFFICE,"",1900-02-01 00:00:00,2099-02-01 00:00:00
2072,2037,OFFICE,"",1900-02-01 00:00:00,2099-02-01 00:00:00
2074,2038,OFFICE,"",1900-02-01 00:00:00,2099-02-01 00:00:00
2076,2039,OFFICE,"",1900-02-01 00:00:00,2099-02-01 00:00:00
2078,2040,OFFICE,"",1900-02-01 00:00:00,2099-02-01 00:00:00
2080,2041,OFFICE,"",1900-02-01 00:00:00,2099-02-01 00:00:00
2082,2042,OFFICE,"",1900-02-01 00:00:00,2099-02-01 00:00:00
2084,2043,OFFICE,"",1900-02-01 00:00:00,2099-02-01 00:00:00
2086,2044,OFFICE,"",1900-02-01 00:00:00,2099-02-01 00:00:00
2088,2045,OFFICE,"",1900-02-01 00:00:00,2099-02-01 00:00:00
2090,2046,OFFICE,"",1900-02-01 00:00:00,2099-02-01 00:00:00
2092,2047,OFFICE,"",1900-02-01 00:00:00,2099-02-01 00:00:00
2005,2003,DEPARTMENT,"",1900-02-01 00:00:00,2024-12-15 00:00:00
2007,2004,DEPARTMENT,"",1900-02-01 00:00:00,2024-12-15 00:00:00
2009,2005,DEPARTMENT,"",1900-02-01 00:00:00,2024-12-15 00:00:00
2011,2006,DEPARTMENT,"",1900-02-01 00:00:00,2024-12-15 00:00:00
2013,2007,DEPARTMENT,"",1900-02-01 00:00:00,2024-12-15 00:00:00
2017,2009,DEPARTMENT,"",1900-02-01 00:00:00,2024-12-15 00:00:00
2019,2010,DEPARTMENT,"",1900-02-01 00:00:00,2024-12-15 00:00:00
2021,2011,DEPARTMENT,"",1900-02-01 00:00:00,2024-12-15 00:00:00
2023,2012,DEPARTMENT,"",1900-02-01 00:00:00,2024-12-15 00:00:00
2025,2013,DEPARTMENT,"",1900-02-01 00:00:00,2024-12-15 00:00:00
2027,2014,DEPARTMENT,"",1900-02-01 00:00:00,2024-12-15 00:00:00
2029,2015,DEPARTMENT,"",1900-02-01 00:00:00,2024-12-15 00:00:00
2031,2016,DEPARTMENT,"",1900-02-01 00:00:00,2024-12-15 00:00:00
2033,2017,DEPARTMENT,"",1900-02-01 00:00:00,2024-12-15 00:00:00
2035,2018,DEPARTMENT,"",1900-02-01 00:00:00,2024-12-15 00:00:00
2037,2019,DEPARTMENT,"",1900-02-01 00:00:00,2024-12-15 00:00:00
2039,2020,DEPARTMENT,"",1900-02-01 00:00:00,2024-12-15 00:00:00
2041,2021,DEPARTMENT,"",1900-02-01 00:00:00,2024-12-15 00:00:00
2043,2022,DEPARTMENT,"",1900-02-01 00:00:00,2024-12-15 00:00:00
2045,2023,DEPARTMENT,"",1900-02-01 00:00:00,2024-12-15 00:00:00
2047,2024,DEPARTMENT,"",1900-02-01 00:00:00,2024-12-15 00:00:00
2049,2025,DEPARTMENT,"",1900-02-01 00:00:00,2024-12-15 00:00:00
2051,2026,DEPARTMENT,"",1900-02-01 00:00:00,2024-12-15 00:00:00
2055,2028,DEPARTMENT,"",1900-02-01 00:00:00,2024-12-15 00:00:00
2057,2029,DEPARTMENT,"",1900-02-01 00:00:00,2024-12-15 00:00:00
2059,2030,DEPARTMENT,"",1900-02-01 00:00:00,2024-12-15 00:00:00
2061,2031,DEPARTMENT,"",1900-02-01 00:00:00,2024-12-15 00:00:00
2063,2032,DEPARTMENT,"",1900-02-01 00:00:00,2024-12-15 00:00:00
2065,2033,DEPARTMENT,"",1900-02-01 00:00:00,2024-12-15 00:00:00
2067,2034,DEPARTMENT,"",1900-02-01 00:00:00,2024-12-15 00:00:00
2069,2035,DEPARTMENT,"",1900-02-01 00:00:00,2024-12-15 00:00:00
2071,2036,DEPARTMENT,"",1900-02-01 00:00:00,2024-12-15 00:00:00
2073,2037,DEPARTMENT,"",1900-02-01 00:00:00,2024-12-15 00:00:00
2075,2038,DEPARTMENT,"",1900-02-01 00:00:00,2024-12-15 00:00:00
2077,2039,DEPARTMENT,"",1900-02-01 00:00:00,2024-12-15 00:00:00
2079,2040,DEPARTMENT,"",1900-02-01 00:00:00,2024-12-15 00:00:00
2081,2041,DEPARTMENT,"",1900-02-01 00:00:00,2024-12-15 00:00:00
2083,2042,DEPARTMENT,"",1900-02-01 00:00:00,2024-12-15 00:00:00
2085,2043,DEPARTMENT,"",1900-02-01 00:00:00,2024-12-15 00:00:00
2087,2044,DEPARTMENT,"",1900-02-01 00:00:00,2024-12-15 00:00:00
2089,2045,DEPARTMENT,"",1900-02-01 00:00:00,2024-12-15 00:00:00
2094,2048,OFFICE,"",1900-02-01 00:00:00,2099-02-01 00:00:00
2096,2049,OFFICE,"",1900-02-01 00:00:00,2099-02-01 00:00:00
2098,2050,OFFICE,"",1900-02-01 00:00:00,2099-02-01 00:00:00
2100,2051,OFFICE,"",1900-02-01 00:00:00,2099-02-01 00:00:00
2102,2052,OFFICE,"",1900-02-01 00:00:00,2099-02-01 00:00:00
2104,2053,OFFICE,"",1900-02-01 00:00:00,2099-02-01 00:00:00
2106,2054,OFFICE,"",1900-02-01 00:00:00,2099-02-01 00:00:00
2108,2055,OFFICE,"",1900-02-01 00:00:00,2099-02-01 00:00:00
2110,2056,OFFICE,"",1900-02-01 00:00:00,2099-02-01 00:00:00
2112,2057,OFFICE,"",1900-02-01 00:00:00,2099-02-01 00:00:00
2114,2058,OFFICE,"",1900-02-01 00:00:00,2099-02-01 00:00:00
2116,2059,OFFICE,"",1900-02-01 00:00:00,2099-02-01 00:00:00
2118,2060,OFFICE,"",1900-02-01 00:00:00,2099-02-01 00:00:00
2120,2061,OFFICE,"",1900-02-01 00:00:00,2099-02-01 00:00:00
2122,2062,OFFICE,"",1900-02-01 00:00:00,2099-02-01 00:00:00
2124,2063,OFFICE,"",1900-02-01 00:00:00,2099-02-01 00:00:00
2126,2064,OFFICE,"",1900-02-01 00:00:00,2099-02-01 00:00:00
2128,2065,OFFICE,"",1900-02-01 00:00:00,2099-02-01 00:00:00
2130,2066,OFFICE,"",1900-02-01 00:00:00,2099-02-01 00:00:00
2132,2067,OFFICE,"",1900-02-01 00:00:00,2099-02-01 00:00:00
2134,2068,OFFICE,"",1900-02-01 00:00:00,2099-02-01 00:00:00
2136,2069,OFFICE,"",1900-02-01 00:00:00,2099-02-01 00:00:00
2138,2070,OFFICE,"",1900-02-01 00:00:00,2099-02-01 00:00:00
2140,2071,OFFICE,"",1900-02-01 00:00:00,2099-02-01 00:00:00
2142,2072,OFFICE,"",1900-02-01 00:00:00,2099-02-01 00:00:00
2144,2073,OFFICE,"",1900-02-01 00:00:00,2099-02-01 00:00:00
2146,2074,OFFICE,"",1900-02-01 00:00:00,2099-02-01 00:00:00
2148,2075,OFFICE,"",1900-02-01 00:00:00,2099-02-01 00:00:00
2150,2076,OFFICE,"",1900-02-01 00:00:00,2099-02-01 00:00:00
2152,2077,OFFICE,"",1900-02-01 00:00:00,2099-02-01 00:00:00
2154,2078,OFFICE,"",1900-02-01 00:00:00,2099-02-01 00:00:00
2156,2079,OFFICE,"",1900-02-01 00:00:00,2099-02-01 00:00:00
2158,2080,OFFICE,"",1900-02-01 00:00:00,2099-02-01 00:00:00
2160,2081,OFFICE,"",1900-02-01 00:00:00,2099-02-01 00:00:00
2162,2082,OFFICE,"",1900-02-01 00:00:00,2099-02-01 00:00:00
2164,2083,OFFICE,"",1900-02-01 00:00:00,2099-02-01 00:00:00
2166,2084,OFFICE,"",1900-02-01 00:00:00,2099-02-01 00:00:00
2168,2085,OFFICE,"",1900-02-01 00:00:00,2099-02-01 00:00:00
2170,2086,OFFICE,"",1900-02-01 00:00:00,2099-02-01 00:00:00
2172,2087,OFFICE,"",1900-02-01 00:00:00,2099-02-01 00:00:00
2174,2088,OFFICE,"",1900-02-01 00:00:00,2099-02-01 00:00:00
2176,2089,OFFICE,"",1900-02-01 00:00:00,2099-02-01 00:00:00
2178,2090,OFFICE,"",1900-02-01 00:00:00,2099-02-01 00:00:00
2180,2091,OFFICE,"",1900-02-01 00:00:00,2099-02-01 00:00:00
2182,2092,OFFICE,"",1900-02-01 00:00:00,2099-02-01 00:00:00
2184,2093,OFFICE,"",1900-02-01 00:00:00,2099-02-01 00:00:00
2186,2094,OFFICE,"",1900-02-01 00:00:00,2099-02-01 00:00:00
2188,2095,OFFICE,"",1900-02-01 00:00:00,2099-02-01 00:00:00
2190,2096,OFFICE,"",1900-02-01 00:00:00,2099-02-01 00:00:00
2192,2097,OFFICE,"",1900-02-01 00:00:00,2099-02-01 00:00:00
2194,2098,OFFICE,"",1900-02-01 00:00:00,2099-02-01 00:00:00
2196,2099,OFFICE,"",1900-02-01 00:00:00,2099-02-01 00:00:00
2198,2100,OFFICE,"",1900-02-01 00:00:00,2099-02-01 00:00:00
2200,2101,OFFICE,"",1900-02-01 00:00:00,2099-02-01 00:00:00
2202,2102,OFFICE,"",1900-02-01 00:00:00,2099-02-01 00:00:00
2204,2103,OFFICE,"",1900-02-01 00:00:00,2099-02-01 00:00:00
2095,2048,DEPARTMENT,"",1900-02-01 00:00:00,2024-12-15 00:00:00
2097,2049,DEPARTMENT,"",1900-02-01 00:00:00,2024-12-15 00:00:00
2099,2050,DEPARTMENT,"",1900-02-01 00:00:00,2024-12-15 00:00:00
2101,2051,DEPARTMENT,"",1900-02-01 00:00:00,2024-12-15 00:00:00
2103,2052,DEPARTMENT,"",1900-02-01 00:00:00,2024-12-15 00:00:00
2105,2053,DEPARTMENT,"",1900-02-01 00:00:00,2024-12-15 00:00:00
2107,2054,DEPARTMENT,"",1900-02-01 00:00:00,2024-12-15 00:00:00
2111,2056,DEPARTMENT,"",1900-02-01 00:00:00,2024-12-15 00:00:00
2113,2057,DEPARTMENT,"",1900-02-01 00:00:00,2024-12-15 00:00:00
2115,2058,DEPARTMENT,"",1900-02-01 00:00:00,2024-12-15 00:00:00
2117,2059,DEPARTMENT,"",1900-02-01 00:00:00,2024-12-15 00:00:00
2119,2060,DEPARTMENT,"",1900-02-01 00:00:00,2024-12-15 00:00:00
2121,2061,DEPARTMENT,"",1900-02-01 00:00:00,2024-12-15 00:00:00
2123,2062,DEPARTMENT,"",1900-02-01 00:00:00,2024-12-15 00:00:00
2125,2063,DEPARTMENT,"",1900-02-01 00:00:00,2024-12-15 00:00:00
2127,2064,DEPARTMENT,"",1900-02-01 00:00:00,2024-12-15 00:00:00
2129,2065,DEPARTMENT,"",1900-02-01 00:00:00,2024-12-15 00:00:00
2131,2066,DEPARTMENT,"",1900-02-01 00:00:00,2024-12-15 00:00:00
2133,2067,DEPARTMENT,"",1900-02-01 00:00:00,2024-12-15 00:00:00
2135,2068,DEPARTMENT,"",1900-02-01 00:00:00,2024-12-15 00:00:00
2137,2069,DEPARTMENT,"",1900-02-01 00:00:00,2024-12-15 00:00:00
2139,2070,DEPARTMENT,"",1900-02-01 00:00:00,2024-12-15 00:00:00
2141,2071,DEPARTMENT,"",1900-02-01 00:00:00,2024-12-15 00:00:00
2143,2072,DEPARTMENT,"",1900-02-01 00:00:00,2024-12-15 00:00:00
2145,2073,DEPARTMENT,"",1900-02-01 00:00:00,2024-12-15 00:00:00
2149,2075,DEPARTMENT,"",1900-02-01 00:00:00,2024-12-15 00:00:00
2151,2076,DEPARTMENT,"",1900-02-01 00:00:00,2024-12-15 00:00:00
2153,2077,DEPARTMENT,"",1900-02-01 00:00:00,2024-12-15 00:00:00
2155,2078,DEPARTMENT,"",1900-02-01 00:00:00,2024-12-15 00:00:00
2157,2079,DEPARTMENT,"",1900-02-01 00:00:00,2024-12-15 00:00:00
2159,2080,DEPARTMENT,"",1900-02-01 00:00:00,2024-12-15 00:00:00
2161,2081,DEPARTMENT,"",1900-02-01 00:00:00,2024-12-15 00:00:00
2163,2082,DEPARTMENT,"",1900-02-01 00:00:00,2024-12-15 00:00:00
2165,2083,DEPARTMENT,"",1900-02-01 00:00:00,2024-12-15 00:00:00
2167,2084,DEPARTMENT,"",1900-02-01 00:00:00,2024-12-15 00:00:00
2169,2085,DEPARTMENT,"",1900-02-01 00:00:00,2024-12-15 00:00:00
2171,2086,DEPARTMENT,"",1900-02-01 00:00:00,2024-12-15 00:00:00
2173,2087,DEPARTMENT,"",1900-02-01 00:00:00,2024-12-15 00:00:00
2175,2088,DEPARTMENT,"",1900-02-01 00:00:00,2024-12-15 00:00:00
2177,2089,DEPARTMENT,"",1900-02-01 00:00:00,2024-12-15 00:00:00
2179,2090,DEPARTMENT,"",1900-02-01 00:00:00,2024-12-15 00:00:00
2181,2091,DEPARTMENT,"",1900-02-01 00:00:00,2024-12-15 00:00:00
2183,2092,DEPARTMENT,"",1900-02-01 00:00:00,2024-12-15 00:00:00
2187,2094,DEPARTMENT,"",1900-02-01 00:00:00,2024-12-15 00:00:00
2189,2095,DEPARTMENT,"",1900-02-01 00:00:00,2024-12-15 00:00:00
2191,2096,DEPARTMENT,"",1900-02-01 00:00:00,2024-12-15 00:00:00
2193,2097,DEPARTMENT,"",1900-02-01 00:00:00,2024-12-15 00:00:00
2195,2098,DEPARTMENT,"",1900-02-01 00:00:00,2024-12-15 00:00:00
2197,2099,DEPARTMENT,"",1900-02-01 00:00:00,2024-12-15 00:00:00
2199,2100,DEPARTMENT,"",1900-02-01 00:00:00,2024-12-15 00:00:00
2201,2101,DEPARTMENT,"",1900-02-01 00:00:00,2024-12-15 00:00:00
2203,2102,DEPARTMENT,"",1900-02-01 00:00:00,2024-12-15 00:00:00
2205,2103,DEPARTMENT,"",1900-02-01 00:00:00,2024-12-15 00:00:00
2206,2104,OFFICE,"",1900-02-01 00:00:00,2099-02-01 00:00:00
2208,2105,OFFICE,"",1900-02-01 00:00:00,2099-02-01 00:00:00
2210,2106,OFFICE,"",1900-02-01 00:00:00,2099-02-01 00:00:00
2212,2107,OFFICE,"",1900-02-01 00:00:00,2099-02-01 00:00:00
2214,2108,OFFICE,"",1900-02-01 00:00:00,2099-02-01 00:00:00
2216,2109,OFFICE,"",1900-02-01 00:00:00,2099-02-01 00:00:00
2218,2110,OFFICE,"",1900-02-01 00:00:00,2099-02-01 00:00:00
2220,2111,OFFICE,"",1900-02-01 00:00:00,2099-02-01 00:00:00
2222,2112,OFFICE,"",1900-02-01 00:00:00,2099-02-01 00:00:00
2224,2113,OFFICE,"",1900-02-01 00:00:00,2099-02-01 00:00:00
2226,2114,OFFICE,"",1900-02-01 00:00:00,2099-02-01 00:00:00
2228,2115,OFFICE,"",1900-02-01 00:00:00,2099-02-01 00:00:00
2230,2116,OFFICE,"",1900-02-01 00:00:00,2099-02-01 00:00:00
2232,2117,OFFICE,"",1900-02-01 00:00:00,2099-02-01 00:00:00
2234,2118,OFFICE,"",1900-02-01 00:00:00,2099-02-01 00:00:00
2236,2119,OFFICE,"",1900-02-01 00:00:00,2099-02-01 00:00:00
2238,2120,OFFICE,"",1900-02-01 00:00:00,2099-02-01 00:00:00
2240,2121,OFFICE,"",1900-02-01 00:00:00,2099-02-01 00:00:00
2242,2122,OFFICE,"",1900-02-01 00:00:00,2099-02-01 00:00:00
2244,2123,OFFICE,"",1900-02-01 00:00:00,2099-02-01 00:00:00
2246,2124,OFFICE,"",1900-02-01 00:00:00,2099-02-01 00:00:00
2248,2125,OFFICE,"",1900-02-01 00:00:00,2099-02-01 00:00:00
2250,2126,OFFICE,"",1900-02-01 00:00:00,2099-02-01 00:00:00
2252,2127,OFFICE,"",1900-02-01 00:00:00,2099-02-01 00:00:00
2254,2128,OFFICE,"",1900-02-01 00:00:00,2099-02-01 00:00:00
2256,2129,OFFICE,"",1900-02-01 00:00:00,2099-02-01 00:00:00
2258,2130,OFFICE,"",1900-02-01 00:00:00,2099-02-01 00:00:00
2260,2131,OFFICE,"",1900-02-01 00:00:00,2099-02-01 00:00:00
2262,2132,OFFICE,"",1900-02-01 00:00:00,2099-02-01 00:00:00
2264,2133,OFFICE,"",1900-02-01 00:00:00,2099-02-01 00:00:00
2266,2134,OFFICE,"",1900-02-01 00:00:00,2099-02-01 00:00:00
2268,2135,OFFICE,"",1900-02-01 00:00:00,2099-02-01 00:00:00
2270,2136,OFFICE,"",1900-02-01 00:00:00,2099-02-01 00:00:00
2272,2137,OFFICE,"",1900-02-01 00:00:00,2099-02-01 00:00:00
2274,2138,OFFICE,"",1900-02-01 00:00:00,2099-02-01 00:00:00
2276,2139,OFFICE,"",1900-02-01 00:00:00,2099-02-01 00:00:00
2278,2140,OFFICE,"",1900-02-01 00:00:00,2099-02-01 00:00:00
2280,2141,OFFICE,"",1900-02-01 00:00:00,2099-02-01 00:00:00
2282,2142,OFFICE,"",1900-02-01 00:00:00,2099-02-01 00:00:00
2284,2143,OFFICE,"",1900-02-01 00:00:00,2099-02-01 00:00:00
2286,2144,OFFICE,"",1900-02-01 00:00:00,2099-02-01 00:00:00
2288,2145,OFFICE,"",1900-02-01 00:00:00,2099-02-01 00:00:00
2290,2146,OFFICE,"",1900-02-01 00:00:00,2099-02-01 00:00:00
2292,2147,OFFICE,"",1900-02-01 00:00:00,2099-02-01 00:00:00
2294,2148,OFFICE,"",1900-02-01 00:00:00,2099-02-01 00:00:00
2296,2149,OFFICE,"",1900-02-01 00:00:00,2099-02-01 00:00:00
2298,2150,OFFICE,"",1900-02-01 00:00:00,2099-02-01 00:00:00
2300,2151,OFFICE,"",1900-02-01 00:00:00,2099-02-01 00:00:00
2302,2152,OFFICE,"",1900-02-01 00:00:00,2099-02-01 00:00:00
2304,2153,OFFICE,"",1900-02-01 00:00:00,2099-02-01 00:00:00
2306,2154,OFFICE,"",1900-02-01 00:00:00,2099-02-01 00:00:00
2308,2155,OFFICE,"",1900-02-01 00:00:00,2099-02-01 00:00:00
2310,2156,OFFICE,"",1900-02-01 00:00:00,2099-02-01 00:00:00
2312,2157,OFFICE,"",1900-02-01 00:00:00,2099-02-01 00:00:00
2314,2158,OFFICE,"",1900-02-01 00:00:00,2099-02-01 00:00:00
2316,2159,OFFICE,"",1900-02-01 00:00:00,2099-02-01 00:00:00
2318,2160,OFFICE,"",1900-02-01 00:00:00,2099-02-01 00:00:00
2209,2105,DEPARTMENT,"",1900-02-01 00:00:00,2024-12-15 00:00:00
2211,2106,DEPARTMENT,"",1900-02-01 00:00:00,2024-12-15 00:00:00
2213,2107,DEPARTMENT,"",1900-02-01 00:00:00,2024-12-15 00:00:00
2215,2108,DEPARTMENT,"",1900-02-01 00:00:00,2024-12-15 00:00:00
2217,2109,DEPARTMENT,"",1900-02-01 00:00:00,2024-12-15 00:00:00
2219,2110,DEPARTMENT,"",1900-02-01 00:00:00,2024-12-15 00:00:00
2221,2111,DEPARTMENT,"",1900-02-01 00:00:00,2024-12-15 00:00:00
2223,2112,DEPARTMENT,"",1900-02-01 00:00:00,2024-12-15 00:00:00
2225,2113,DEPARTMENT,"",1900-02-01 00:00:00,2024-12-15 00:00:00
2229,2115,DEPARTMENT,"",1900-02-01 00:00:00,2024-12-15 00:00:00
2231,2116,DEPARTMENT,"",1900-02-01 00:00:00,2024-12-15 00:00:00
2233,2117,DEPARTMENT,"",1900-02-01 00:00:00,2024-12-15 00:00:00
2235,2118,DEPARTMENT,"",1900-02-01 00:00:00,2024-12-15 00:00:00
2237,2119,DEPARTMENT,"",1900-02-01 00:00:00,2024-12-15 00:00:00
2239,2120,DEPARTMENT,"",1900-02-01 00:00:00,2024-12-15 00:00:00
2241,2121,DEPARTMENT,"",1900-02-01 00:00:00,2024-12-15 00:00:00
2243,2122,DEPARTMENT,"",1900-02-01 00:00:00,2024-12-15 00:00:00
2245,2123,DEPARTMENT,"",1900-02-01 00:00:00,2024-12-15 00:00:00
2247,2124,DEPARTMENT,"",1900-02-01 00:00:00,2024-12-15 00:00:00
2249,2125,DEPARTMENT,"",1900-02-01 00:00:00,2024-12-15 00:00:00
2251,2126,DEPARTMENT,"",1900-02-01 00:00:00,2024-12-15 00:00:00
2253,2127,DEPARTMENT,"",1900-02-01 00:00:00,2024-12-15 00:00:00
2255,2128,DEPARTMENT,"",1900-02-01 00:00:00,2024-12-15 00:00:00
2257,2129,DEPARTMENT,"",1900-02-01 00:00:00,2024-12-15 00:00:00
2259,2130,DEPARTMENT,"",1900-02-01 00:00:00,2024-12-15 00:00:00
2261,2131,DEPARTMENT,"",1900-02-01 00:00:00,2024-12-15 00:00:00
2263,2132,DEPARTMENT,"",1900-02-01 00:00:00,2024-12-15 00:00:00
2267,2134,DEPARTMENT,"",1900-02-01 00:00:00,2024-12-15 00:00:00
2269,2135,DEPARTMENT,"",1900-02-01 00:00:00,2024-12-15 00:00:00
2271,2136,DEPARTMENT,"",1900-02-01 00:00:00,2024-12-15 00:00:00
2273,2137,DEPARTMENT,"",1900-02-01 00:00:00,2024-12-15 00:00:00
2275,2138,DEPARTMENT,"",1900-02-01 00:00:00,2024-12-15 00:00:00
2277,2139,DEPARTMENT,"",1900-02-01 00:00:00,2024-12-15 00:00:00
2279,2140,DEPARTMENT,"",1900-02-01 00:00:00,2024-12-15 00:00:00
2281,2141,DEPARTMENT,"",1900-02-01 00:00:00,2024-12-15 00:00:00
2283,2142,DEPARTMENT,"",1900-02-01 00:00:00,2024-12-15 00:00:00
2285,2143,DEPARTMENT,"",1900-02-01 00:00:00,2024-12-15 00:00:00
2287,2144,DEPARTMENT,"",1900-02-01 00:00:00,2024-12-15 00:00:00
2289,2145,DEPARTMENT,"",1900-02-01 00:00:00,2024-12-15 00:00:00
2291,2146,DEPARTMENT,"",1900-02-01 00:00:00,2024-12-15 00:00:00
2293,2147,DEPARTMENT,"",1900-02-01 00:00:00,2024-12-15 00:00:00
2295,2148,DEPARTMENT,"",1900-02-01 00:00:00,2024-12-15 00:00:00
2297,2149,DEPARTMENT,"",1900-02-01 00:00:00,2024-12-15 00:00:00
2299,2150,DEPARTMENT,"",1900-02-01 00:00:00,2024-12-15 00:00:00
2301,2151,DEPARTMENT,"",1900-02-01 00:00:00,2024-12-15 00:00:00
2305,2153,DEPARTMENT,"",1900-02-01 00:00:00,2024-12-15 00:00:00
2307,2154,DEPARTMENT,"",1900-02-01 00:00:00,2024-12-15 00:00:00
2309,2155,DEPARTMENT,"",1900-02-01 00:00:00,2024-12-15 00:00:00
2311,2156,DEPARTMENT,"",1900-02-01 00:00:00,2024-12-15 00:00:00
2313,2157,DEPARTMENT,"",1900-02-01 00:00:00,2024-12-15 00:00:00
2315,2158,DEPARTMENT,"",1900-02-01 00:00:00,2024-12-15 00:00:00
2317,2159,DEPARTMENT,"",1900-02-01 00:00:00,2024-12-15 00:00:00
2604,2203,OFFICE,"",1900-02-01 00:00:00,2099-02-01 00:00:00
2320,2161,OFFICE,"",1900-02-01 00:00:00,2099-02-01 00:00:00
2322,2162,OFFICE,"",1900-02-01 00:00:00,2099-02-01 00:00:00
2324,2163,OFFICE,"",1900-02-01 00:00:00,2099-02-01 00:00:00
2326,2164,OFFICE,"",1900-02-01 00:00:00,2099-02-01 00:00:00
2328,2165,OFFICE,"",1900-02-01 00:00:00,2099-02-01 00:00:00
2330,2166,OFFICE,"",1900-02-01 00:00:00,2099-02-01 00:00:00
2332,2167,OFFICE,"",1900-02-01 00:00:00,2099-02-01 00:00:00
2334,2168,OFFICE,"",1900-02-01 00:00:00,2099-02-01 00:00:00
2336,2169,OFFICE,"",1900-02-01 00:00:00,2099-02-01 00:00:00
2338,2170,OFFICE,"",1900-02-01 00:00:00,2099-02-01 00:00:00
2340,2171,OFFICE,"",1900-02-01 00:00:00,2099-02-01 00:00:00
2342,2172,OFFICE,"",1900-02-01 00:00:00,2099-02-01 00:00:00
2344,2173,OFFICE,"",1900-02-01 00:00:00,2099-02-01 00:00:00
2346,2174,OFFICE,"",1900-02-01 00:00:00,2099-02-01 00:00:00
2348,2175,OFFICE,"",1900-02-01 00:00:00,2099-02-01 00:00:00
2350,2176,OFFICE,"",1900-02-01 00:00:00,2099-02-01 00:00:00
2352,2177,OFFICE,"",1900-02-01 00:00:00,2099-02-01 00:00:00
2354,2178,OFFICE,"",1900-02-01 00:00:00,2099-02-01 00:00:00
2356,2179,OFFICE,"",1900-02-01 00:00:00,2099-02-01 00:00:00
2358,2180,OFFICE,"",1900-02-01 00:00:00,2099-02-01 00:00:00
2360,2181,OFFICE,"",1900-02-01 00:00:00,2099-02-01 00:00:00
2362,2182,OFFICE,"",1900-02-01 00:00:00,2099-02-01 00:00:00
2364,2183,OFFICE,"",1900-02-01 00:00:00,2099-02-01 00:00:00
2366,2184,OFFICE,"",1900-02-01 00:00:00,2099-02-01 00:00:00
2368,2185,OFFICE,"",1900-02-01 00:00:00,2099-02-01 00:00:00
2370,2186,OFFICE,"",1900-02-01 00:00:00,2099-02-01 00:00:00
2372,2187,OFFICE,"",1900-02-01 00:00:00,2099-02-01 00:00:00
2374,2188,OFFICE,"",1900-02-01 00:00:00,2099-02-01 00:00:00
2376,2189,OFFICE,"",1900-02-01 00:00:00,2099-02-01 00:00:00
2378,2190,OFFICE,"",1900-02-01 00:00:00,2099-02-01 00:00:00
2380,2191,OFFICE,"",1900-02-01 00:00:00,2099-02-01 00:00:00
2382,2192,OFFICE,"",1900-02-01 00:00:00,2099-02-01 00:00:00
2384,2193,OFFICE,"",1900-02-01 00:00:00,2099-02-01 00:00:00
2386,2194,OFFICE,"",1900-02-01 00:00:00,2099-02-01 00:00:00
2388,2195,OFFICE,"",1900-02-01 00:00:00,2099-02-01 00:00:00
2390,2196,OFFICE,"",1900-02-01 00:00:00,2099-02-01 00:00:00
2392,2197,OFFICE,"",1900-02-01 00:00:00,2099-02-01 00:00:00
2394,2198,OFFICE,"",1900-02-01 00:00:00,2099-02-01 00:00:00
2396,2199,OFFICE,"",1900-02-01 00:00:00,2099-02-01 00:00:00
2398,2200,OFFICE,"",1900-02-01 00:00:00,2099-02-01 00:00:00
2400,2201,OFFICE,"",1900-02-01 00:00:00,2099-02-01 00:00:00
2003,2002,DEPARTMENT,"",1900-02-01 00:00:00,2024-12-15 00:00:00
2015,2008,DEPARTMENT,"",1900-02-01 00:00:00,2024-12-15 00:00:00
2321,2161,DEPARTMENT,"",1900-02-01 00:00:00,2024-12-15 00:00:00
2323,2162,DEPARTMENT,"",1900-02-01 00:00:00,2024-12-15 00:00:00
2325,2163,DEPARTMENT,"",1900-02-01 00:00:00,2024-12-15 00:00:00
2327,2164,DEPARTMENT,"",1900-02-01 00:00:00,2024-12-15 00:00:00
2329,2165,DEPARTMENT,"",1900-02-01 00:00:00,2024-12-15 00:00:00
2331,2166,DEPARTMENT,"",1900-02-01 00:00:00,2024-12-15 00:00:00
2333,2167,DEPARTMENT,"",1900-02-01 00:00:00,2024-12-15 00:00:00
2335,2168,DEPARTMENT,"",1900-02-01 00:00:00,2024-12-15 00:00:00
2337,2169,DEPARTMENT,"",1900-02-01 00:00:00,2024-12-15 00:00:00
2339,2170,DEPARTMENT,"",1900-02-01 00:00:00,2024-12-15 00:00:00
2341,2171,DEPARTMENT,"",1900-02-01 00:00:00,2024-12-15 00:00:00
2343,2172,DEPARTMENT,"",1900-02-01 00:00:00,2024-12-15 00:00:00
2345,2173,DEPARTMENT,"",1900-02-01 00:00:00,2024-12-15 00:00:00
2347,2174,DEPARTMENT,"",1900-02-01 00:00:00,2024-12-15 00:00:00
2349,2175,DEPARTMENT,"",1900-02-01 00:00:00,2024-12-15 00:00:00
2353,2177,DEPARTMENT,"",1900-02-01 00:00:00,2024-12-15 00:00:00
2355,2178,DEPARTMENT,"",1900-02-01 00:00:00,2024-12-15 00:00:00
2357,2179,DEPARTMENT,"",1900-02-01 00:00:00,2024-12-15 00:00:00
2359,2180,DEPARTMENT,"",1900-02-01 00:00:00,2024-12-15 00:00:00
2361,2181,DEPARTMENT,"",1900-02-01 00:00:00,2024-12-15 00:00:00
2363,2182,DEPARTMENT,"",1900-02-01 00:00:00,2024-12-15 00:00:00
2365,2183,DEPARTMENT,"",1900-02-01 00:00:00,2024-12-15 00:00:00
2367,2184,DEPARTMENT,"",1900-02-01 00:00:00,2024-12-15 00:00:00
2369,2185,DEPARTMENT,"",1900-02-01 00:00:00,2024-12-15 00:00:00
2371,2186,DEPARTMENT,"",1900-02-01 00:00:00,2024-12-15 00:00:00
2373,2187,DEPARTMENT,"",1900-02-01 00:00:00,2024-12-15 00:00:00
2375,2188,DEPARTMENT,"",1900-02-01 00:00:00,2024-12-15 00:00:00
2377,2189,DEPARTMENT,"",1900-02-01 00:00:00,2024-12-15 00:00:00
2379,2190,DEPARTMENT,"",1900-02-01 00:00:00,2024-12-15 00:00:00
2381,2191,DEPARTMENT,"",1900-02-01 00:00:00,2024-12-15 00:00:00
2383,2192,DEPARTMENT,"",1900-02-01 00:00:00,2024-12-15 00:00:00
2385,2193,DEPARTMENT,"",1900-02-01 00:00:00,2024-12-15 00:00:00
2387,2194,DEPARTMENT,"",1900-02-01 00:00:00,2024-12-15 00:00:00
2391,2196,DEPARTMENT,"",1900-02-01 00:00:00,2024-12-15 00:00:00
2393,2197,DEPARTMENT,"",1900-02-01 00:00:00,2024-12-15 00:00:00
2395,2198,DEPARTMENT,"",1900-02-01 00:00:00,2024-12-15 00:00:00
2397,2199,DEPARTMENT,"",1900-02-01 00:00:00,2024-12-15 00:00:00
2399,2200,DEPARTMENT,"",1900-02-01 00:00:00,2024-12-15 00:00:00
2401,2201,DEPARTMENT,"",1900-02-01 00:00:00,2024-12-15 00:00:00
2402,2002,DEPARTMENT,'테크플랫폼부-D20741',2024-12-15 00:00:00,2099-02-01 00:00:00
2403,2003,DEPARTMENT,'은행마케팅,2024-12-15 00:00:00,2099-02-01 00:00:00
2404,2004,DEPARTMENT,'은행SO사업부-D20736',2024-12-15 00:00:00,2099-02-01 00:00:00
2405,2005,DEPARTMENT,'그룹사IT운영부-D30112',2024-12-15 00:00:00,2099-02-01 00:00:00
2407,2007,DEPARTMENT,'테크플랫폼부-D20741',2024-12-15 00:00:00,2099-02-01 00:00:00
2408,2008,DEPARTMENT,'은행SO사업부-D20736',2024-12-15 00:00:00,2099-02-01 00:00:00
2409,2009,DEPARTMENT,'글로벌사업추진부-D60001',2024-12-15 00:00:00,2099-02-01 00:00:00
2410,2010,DEPARTMENT,'Biz플랫폼부-D20742',2024-12-15 00:00:00,2099-02-01 00:00:00
2411,2011,DEPARTMENT,'그룹사IT운영부-D30112',2024-12-15 00:00:00,2099-02-01 00:00:00
2412,2012,DEPARTMENT,'테크플랫폼부-D20741',2024-12-15 00:00:00,2099-02-01 00:00:00
2413,2013,DEPARTMENT,'은행마케팅,2024-12-15 00:00:00,2099-02-01 00:00:00
2414,2014,DEPARTMENT,'은행SO사업부-D20736',2024-12-15 00:00:00,2099-02-01 00:00:00
2415,2015,DEPARTMENT,'테크플랫폼부-D20741',2024-12-15 00:00:00,2099-02-01 00:00:00
2416,2016,DEPARTMENT,'은행마케팅,2024-12-15 00:00:00,2099-02-01 00:00:00
2417,2017,DEPARTMENT,'그룹사IT운영부-D30112',2024-12-15 00:00:00,2099-02-01 00:00:00
2418,2018,DEPARTMENT,'테크플랫폼부-D20741',2024-12-15 00:00:00,2099-02-01 00:00:00
2419,2019,DEPARTMENT,'변화혁신추진단-D80401',2024-12-15 00:00:00,2099-02-01 00:00:00
2420,2020,DEPARTMENT,'테크플랫폼부-D20741',2024-12-15 00:00:00,2099-02-01 00:00:00
2421,2021,DEPARTMENT,'그룹사마케팅,2024-12-15 00:00:00,2099-02-01 00:00:00
2610,2206,OFFICE,"",1900-02-01 00:00:00,2099-02-01 00:00:00
2624,2213,OFFICE,"",1900-02-01 00:00:00,2099-02-01 00:00:00
2053,2027,DEPARTMENT,"",1900-02-01 00:00:00,2024-12-15 00:00:00
2628,2215,OFFICE,"",1900-02-01 00:00:00,2099-02-01 00:00:00
2422,2022,DEPARTMENT,'은행SO사업부-D20736',2024-12-15 00:00:00,2099-02-01 00:00:00
2423,2023,DEPARTMENT,'테크플랫폼부-D20741',2024-12-15 00:00:00,2099-02-01 00:00:00
2425,2025,DEPARTMENT,'경영지원본부-D80056',2024-12-15 00:00:00,2099-02-01 00:00:00
2427,2027,DEPARTMENT,'카드IT운영부-D30116',2024-12-15 00:00:00,2099-02-01 00:00:00
2437,2037,DEPARTMENT,'Biz플랫폼부-D20742',2024-12-15 00:00:00,2099-02-01 00:00:00
2439,2039,DEPARTMENT,'은행SO사업부-D20736',2024-12-15 00:00:00,2099-02-01 00:00:00
2634,2218,OFFICE,"",1900-02-01 00:00:00,2099-02-01 00:00:00
2642,2222,OFFICE,"",1900-02-01 00:00:00,2099-02-01 00:00:00
2646,2224,OFFICE,"",1900-02-01 00:00:00,2099-02-01 00:00:00
2658,2230,OFFICE,"",1900-02-01 00:00:00,2099-02-01 00:00:00
2668,2235,OFFICE,"",1900-02-01 00:00:00,2099-02-01 00:00:00
2804,2303,OFFICE,"",1900-02-01 00:00:00,2099-02-01 00:00:00
2808,2305,OFFICE,"",1900-02-01 00:00:00,2099-02-01 00:00:00
2818,2310,OFFICE,"",1900-02-01 00:00:00,2099-02-01 00:00:00
2826,2314,OFFICE,"",1900-02-01 00:00:00,2099-02-01 00:00:00
2838,2320,OFFICE,"",1900-02-01 00:00:00,2099-02-01 00:00:00
2850,2326,OFFICE,"",1900-02-01 00:00:00,2099-02-01 00:00:00
2862,2332,OFFICE,"",1900-02-01 00:00:00,2099-02-01 00:00:00
2868,2335,OFFICE,"",1900-02-01 00:00:00,2099-02-01 00:00:00
2872,2337,OFFICE,"",1900-02-01 00:00:00,2099-02-01 00:00:00
2882,2342,OFFICE,"",1900-02-01 00:00:00,2099-02-01 00:00:00
2890,2346,OFFICE,"",1900-02-01 00:00:00,2099-02-01 00:00:00
2892,2347,OFFICE,"",1900-02-01 00:00:00,2099-02-01 00:00:00
2904,2353,OFFICE,"",1900-02-01 00:00:00,2099-02-01 00:00:00
2916,2359,OFFICE,"",1900-02-01 00:00:00,2099-02-01 00:00:00
2920,2361,OFFICE,"",1900-02-01 00:00:00,2099-02-01 00:00:00
2924,2363,OFFICE,"",1900-02-01 00:00:00,2099-02-01 00:00:00
2944,2373,OFFICE,"",1900-02-01 00:00:00,2099-02-01 00:00:00
2950,2376,OFFICE,"",1900-02-01 00:00:00,2099-02-01 00:00:00
2956,2379,OFFICE,"",1900-02-01 00:00:00,2099-02-01 00:00:00
2968,2385,OFFICE,"",1900-02-01 00:00:00,2099-02-01 00:00:00
2988,2395,OFFICE,"",1900-02-01 00:00:00,2099-02-01 00:00:00
2992,2397,OFFICE,"",1900-02-01 00:00:00,2099-02-01 00:00:00
2994,2398,OFFICE,"",1900-02-01 00:00:00,2099-02-01 00:00:00
2996,2399,OFFICE,"",1900-02-01 00:00:00,2099-02-01 00:00:00
3000,2401,OFFICE,"",1900-02-01 00:00:00,2099-02-01 00:00:00
2605,2203,DEPARTMENT,"",1900-02-01 00:00:00,2024-12-15 00:00:00
2611,2206,DEPARTMENT,"",1900-02-01 00:00:00,2024-12-15 00:00:00
2625,2213,DEPARTMENT,"",1900-02-01 00:00:00,2024-12-15 00:00:00
2629,2215,DEPARTMENT,"",1900-02-01 00:00:00,2024-12-15 00:00:00
2635,2218,DEPARTMENT,"",1900-02-01 00:00:00,2024-12-15 00:00:00
2643,2222,DEPARTMENT,"",1900-02-01 00:00:00,2024-12-15 00:00:00
3023,2223,DEPARTMENT,'테크플랫폼부-D20741',2024-12-15 00:00:00,2099-02-01 00:00:00
2647,2224,DEPARTMENT,"",1900-02-01 00:00:00,2024-12-15 00:00:00
3025,2225,DEPARTMENT,'경영지원본부-D80056',2024-12-15 00:00:00,2099-02-01 00:00:00
3028,2228,DEPARTMENT,'그룹사마케팅,2024-12-15 00:00:00,2099-02-01 00:00:00
2659,2230,DEPARTMENT,"",1900-02-01 00:00:00,2024-12-15 00:00:00
3031,2231,DEPARTMENT,'Biz플랫폼부-D20742',2024-12-15 00:00:00,2099-02-01 00:00:00
3033,2233,DEPARTMENT,'MSP사업부-D91020',2024-12-15 00:00:00,2099-02-01 00:00:00
3034,2234,DEPARTMENT,'카드IT운영부-D30116',2024-12-15 00:00:00,2099-02-01 00:00:00
2669,2235,DEPARTMENT,"",1900-02-01 00:00:00,2024-12-15 00:00:00
3042,2242,DEPARTMENT,'은행SO사업부-D20736',2024-12-15 00:00:00,2099-02-01 00:00:00
3044,2244,DEPARTMENT,'그룹사마케팅,2024-12-15 00:00:00,2099-02-01 00:00:00
3046,2246,DEPARTMENT,'카드IT운영부-D30116',2024-12-15 00:00:00,2099-02-01 00:00:00
3047,2247,DEPARTMENT,'테크플랫폼부-D20741',2024-12-15 00:00:00,2099-02-01 00:00:00
3049,2249,DEPARTMENT,'그룹사마케팅,2024-12-15 00:00:00,2099-02-01 00:00:00
3078,2278,DEPARTMENT,'카드IT운영부-D30116',2024-12-15 00:00:00,2099-02-01 00:00:00
3081,2281,DEPARTMENT,'테크플랫폼부-D20741',2024-12-15 00:00:00,2099-02-01 00:00:00
3083,2283,DEPARTMENT,'은행SO사업부-D20736',2024-12-15 00:00:00,2099-02-01 00:00:00
3086,2286,DEPARTMENT,'Biz플랫폼부-D20742',2024-12-15 00:00:00,2099-02-01 00:00:00
2771,2286,DEPARTMENT,"",1900-02-01 00:00:00,2024-12-15 00:00:00
3090,2290,DEPARTMENT,'Biz플랫폼부-D20742',2024-12-15 00:00:00,2099-02-01 00:00:00
3092,2292,DEPARTMENT,'감사팀-D80054',2024-12-15 00:00:00,2099-02-01 00:00:00
3096,2296,DEPARTMENT,'그룹사마케팅,2024-12-15 00:00:00,2099-02-01 00:00:00
3098,2298,DEPARTMENT,'카드IT운영부-D30116',2024-12-15 00:00:00,2099-02-01 00:00:00
2805,2303,DEPARTMENT,"",1900-02-01 00:00:00,2024-12-15 00:00:00
2809,2305,DEPARTMENT,"",1900-02-01 00:00:00,2024-12-15 00:00:00
2819,2310,DEPARTMENT,"",1900-02-01 00:00:00,2024-12-15 00:00:00
2827,2314,DEPARTMENT,"",1900-02-01 00:00:00,2024-12-15 00:00:00
2839,2320,DEPARTMENT,"",1900-02-01 00:00:00,2024-12-15 00:00:00
2851,2326,DEPARTMENT,"",1900-02-01 00:00:00,2024-12-15 00:00:00
2863,2332,DEPARTMENT,"",1900-02-01 00:00:00,2024-12-15 00:00:00
2869,2335,DEPARTMENT,"",1900-02-01 00:00:00,2024-12-15 00:00:00
2873,2337,DEPARTMENT,"",1900-02-01 00:00:00,2024-12-15 00:00:00
2883,2342,DEPARTMENT,"",1900-02-01 00:00:00,2024-12-15 00:00:00
2891,2346,DEPARTMENT,"",1900-02-01 00:00:00,2024-12-15 00:00:00
2893,2347,DEPARTMENT,"",1900-02-01 00:00:00,2024-12-15 00:00:00
2905,2353,DEPARTMENT,"",1900-02-01 00:00:00,2024-12-15 00:00:00
2917,2359,DEPARTMENT,"",1900-02-01 00:00:00,2024-12-15 00:00:00
2921,2361,DEPARTMENT,"",1900-02-01 00:00:00,2024-12-15 00:00:00
2925,2363,DEPARTMENT,"",1900-02-01 00:00:00,2024-12-15 00:00:00
2945,2373,DEPARTMENT,"",1900-02-01 00:00:00,2024-12-15 00:00:00
2951,2376,DEPARTMENT,"",1900-02-01 00:00:00,2024-12-15 00:00:00
2957,2379,DEPARTMENT,"",1900-02-01 00:00:00,2024-12-15 00:00:00
2969,2385,DEPARTMENT,"",1900-02-01 00:00:00,2024-12-15 00:00:00
2989,2395,DEPARTMENT,"",1900-02-01 00:00:00,2024-12-15 00:00:00
2993,2397,DEPARTMENT,"",1900-02-01 00:00:00,2024-12-15 00:00:00
2995,2398,DEPARTMENT,"",1900-02-01 00:00:00,2024-12-15 00:00:00
2997,2399,DEPARTMENT,"",1900-02-01 00:00:00,2024-12-15 00:00:00
3001,2401,DEPARTMENT,"",1900-02-01 00:00:00,2024-12-15 00:00:00
2606,2204,OFFICE,"",1900-02-01 00:00:00,2099-02-01 00:00:00
2614,2208,OFFICE,"",1900-02-01 00:00:00,2099-02-01 00:00:00
2618,2210,OFFICE,"",1900-02-01 00:00:00,2099-02-01 00:00:00
2424,2024,DEPARTMENT,'테크플랫폼부-D20741',2024-12-15 00:00:00,2099-02-01 00:00:00
2426,2026,DEPARTMENT,'테크플랫폼부-D20741',2024-12-15 00:00:00,2099-02-01 00:00:00
2428,2028,DEPARTMENT,'그룹사마케팅,2024-12-15 00:00:00,2099-02-01 00:00:00
2430,2030,DEPARTMENT,'테크플랫폼부-D20741',2024-12-15 00:00:00,2099-02-01 00:00:00
2433,2033,DEPARTMENT,'MSP사업부-D91020',2024-12-15 00:00:00,2099-02-01 00:00:00
2435,2035,DEPARTMENT,'테크플랫폼부-D20741',2024-12-15 00:00:00,2099-02-01 00:00:00
2636,2219,OFFICE,"",1900-02-01 00:00:00,2099-02-01 00:00:00
2638,2220,OFFICE,"",1900-02-01 00:00:00,2099-02-01 00:00:00
2648,2225,OFFICE,"",1900-02-01 00:00:00,2099-02-01 00:00:00
2670,2236,OFFICE,"",1900-02-01 00:00:00,2099-02-01 00:00:00
2678,2240,OFFICE,"",1900-02-01 00:00:00,2099-02-01 00:00:00
2686,2244,OFFICE,"",1900-02-01 00:00:00,2099-02-01 00:00:00
2692,2247,OFFICE,"",1900-02-01 00:00:00,2099-02-01 00:00:00
2704,2253,OFFICE,"",1900-02-01 00:00:00,2099-02-01 00:00:00
2714,2258,OFFICE,"",1900-02-01 00:00:00,2099-02-01 00:00:00
2720,2261,OFFICE,"",1900-02-01 00:00:00,2099-02-01 00:00:00
2726,2264,OFFICE,"",1900-02-01 00:00:00,2099-02-01 00:00:00
2732,2267,OFFICE,"",1900-02-01 00:00:00,2099-02-01 00:00:00
2740,2271,OFFICE,"",1900-02-01 00:00:00,2099-02-01 00:00:00
2746,2274,OFFICE,"",1900-02-01 00:00:00,2099-02-01 00:00:00
2756,2279,OFFICE,"",1900-02-01 00:00:00,2099-02-01 00:00:00
2770,2286,OFFICE,"",1900-02-01 00:00:00,2099-02-01 00:00:00
2776,2289,OFFICE,"",1900-02-01 00:00:00,2099-02-01 00:00:00
2790,2296,OFFICE,"",1900-02-01 00:00:00,2099-02-01 00:00:00
2806,2304,OFFICE,"",1900-02-01 00:00:00,2099-02-01 00:00:00
2816,2309,OFFICE,"",1900-02-01 00:00:00,2099-02-01 00:00:00
2822,2312,OFFICE,"",1900-02-01 00:00:00,2099-02-01 00:00:00
2828,2315,OFFICE,"",1900-02-01 00:00:00,2099-02-01 00:00:00
2834,2318,OFFICE,"",1900-02-01 00:00:00,2099-02-01 00:00:00
2844,2323,OFFICE,"",1900-02-01 00:00:00,2099-02-01 00:00:00
2858,2330,OFFICE,"",1900-02-01 00:00:00,2099-02-01 00:00:00
2874,2338,OFFICE,"",1900-02-01 00:00:00,2099-02-01 00:00:00
2878,2340,OFFICE,"",1900-02-01 00:00:00,2099-02-01 00:00:00
2886,2344,OFFICE,"",1900-02-01 00:00:00,2099-02-01 00:00:00
2894,2348,OFFICE,"",1900-02-01 00:00:00,2099-02-01 00:00:00
2902,2352,OFFICE,"",1900-02-01 00:00:00,2099-02-01 00:00:00
2910,2356,OFFICE,"",1900-02-01 00:00:00,2099-02-01 00:00:00
2914,2358,OFFICE,"",1900-02-01 00:00:00,2099-02-01 00:00:00
2918,2360,OFFICE,"",1900-02-01 00:00:00,2099-02-01 00:00:00
2928,2365,OFFICE,"",1900-02-01 00:00:00,2099-02-01 00:00:00
2934,2368,OFFICE,"",1900-02-01 00:00:00,2099-02-01 00:00:00
2948,2375,OFFICE,"",1900-02-01 00:00:00,2099-02-01 00:00:00
2954,2378,OFFICE,"",1900-02-01 00:00:00,2099-02-01 00:00:00
2962,2382,OFFICE,"",1900-02-01 00:00:00,2099-02-01 00:00:00
2974,2388,OFFICE,"",1900-02-01 00:00:00,2099-02-01 00:00:00
3002,2202,DEPARTMENT,'테크플랫폼부-D20741',2024-12-15 00:00:00,2099-02-01 00:00:00
2603,2202,DEPARTMENT,"",1900-02-01 00:00:00,2024-12-15 00:00:00
2607,2204,DEPARTMENT,"",1900-02-01 00:00:00,2024-12-15 00:00:00
3007,2207,DEPARTMENT,'테크플랫폼부-D20741',2024-12-15 00:00:00,2099-02-01 00:00:00
2615,2208,DEPARTMENT,"",1900-02-01 00:00:00,2024-12-15 00:00:00
3009,2209,DEPARTMENT,'글로벌사업추진부-D60001',2024-12-15 00:00:00,2099-02-01 00:00:00
2619,2210,DEPARTMENT,"",1900-02-01 00:00:00,2024-12-15 00:00:00
3013,2213,DEPARTMENT,'은행마케팅,2024-12-15 00:00:00,2099-02-01 00:00:00
3016,2216,DEPARTMENT,'은행마케팅,2024-12-15 00:00:00,2099-02-01 00:00:00
3018,2218,DEPARTMENT,'테크플랫폼부-D20741',2024-12-15 00:00:00,2099-02-01 00:00:00
3019,2219,DEPARTMENT,'변화혁신추진단-D80401',2024-12-15 00:00:00,2099-02-01 00:00:00
2637,2219,DEPARTMENT,"",1900-02-01 00:00:00,2024-12-15 00:00:00
2639,2220,DEPARTMENT,"",1900-02-01 00:00:00,2024-12-15 00:00:00
2649,2225,DEPARTMENT,"",1900-02-01 00:00:00,2024-12-15 00:00:00
2671,2236,DEPARTMENT,"",1900-02-01 00:00:00,2024-12-15 00:00:00
2679,2240,DEPARTMENT,"",1900-02-01 00:00:00,2024-12-15 00:00:00
2687,2244,DEPARTMENT,"",1900-02-01 00:00:00,2024-12-15 00:00:00
2693,2247,DEPARTMENT,"",1900-02-01 00:00:00,2024-12-15 00:00:00
2705,2253,DEPARTMENT,"",1900-02-01 00:00:00,2024-12-15 00:00:00
3055,2255,DEPARTMENT,'경영기획부-D80101',2024-12-15 00:00:00,2099-02-01 00:00:00
3056,2256,DEPARTMENT,'테크플랫폼부-D20741',2024-12-15 00:00:00,2099-02-01 00:00:00
2715,2258,DEPARTMENT,"",1900-02-01 00:00:00,2024-12-15 00:00:00
3060,2260,DEPARTMENT,'그룹사IT운영부-D30112',2024-12-15 00:00:00,2099-02-01 00:00:00
2721,2261,DEPARTMENT,"",1900-02-01 00:00:00,2024-12-15 00:00:00
2727,2264,DEPARTMENT,"",1900-02-01 00:00:00,2024-12-15 00:00:00
3066,2266,DEPARTMENT,'직원만족부-D80301',2024-12-15 00:00:00,2099-02-01 00:00:00
2733,2267,DEPARTMENT,"",1900-02-01 00:00:00,2024-12-15 00:00:00
2741,2271,DEPARTMENT,"",1900-02-01 00:00:00,2024-12-15 00:00:00
3073,2273,DEPARTMENT,'경영지원부-D80201',2024-12-15 00:00:00,2099-02-01 00:00:00
2747,2274,DEPARTMENT,"",1900-02-01 00:00:00,2024-12-15 00:00:00
3076,2276,DEPARTMENT,'은행SO사업부-D20736',2024-12-15 00:00:00,2099-02-01 00:00:00
2757,2279,DEPARTMENT,"",1900-02-01 00:00:00,2024-12-15 00:00:00
2777,2289,DEPARTMENT,"",1900-02-01 00:00:00,2024-12-15 00:00:00
2791,2296,DEPARTMENT,"",1900-02-01 00:00:00,2024-12-15 00:00:00
2807,2304,DEPARTMENT,"",1900-02-01 00:00:00,2024-12-15 00:00:00
2817,2309,DEPARTMENT,"",1900-02-01 00:00:00,2024-12-15 00:00:00
2823,2312,DEPARTMENT,"",1900-02-01 00:00:00,2024-12-15 00:00:00
2829,2315,DEPARTMENT,"",1900-02-01 00:00:00,2024-12-15 00:00:00
2835,2318,DEPARTMENT,"",1900-02-01 00:00:00,2024-12-15 00:00:00
2845,2323,DEPARTMENT,"",1900-02-01 00:00:00,2024-12-15 00:00:00
2859,2330,DEPARTMENT,"",1900-02-01 00:00:00,2024-12-15 00:00:00
2875,2338,DEPARTMENT,"",1900-02-01 00:00:00,2024-12-15 00:00:00
2879,2340,DEPARTMENT,"",1900-02-01 00:00:00,2024-12-15 00:00:00
2887,2344,DEPARTMENT,"",1900-02-01 00:00:00,2024-12-15 00:00:00
2895,2348,DEPARTMENT,"",1900-02-01 00:00:00,2024-12-15 00:00:00
2903,2352,DEPARTMENT,"",1900-02-01 00:00:00,2024-12-15 00:00:00
2911,2356,DEPARTMENT,"",1900-02-01 00:00:00,2024-12-15 00:00:00
2915,2358,DEPARTMENT,"",1900-02-01 00:00:00,2024-12-15 00:00:00
2919,2360,DEPARTMENT,"",1900-02-01 00:00:00,2024-12-15 00:00:00
2929,2365,DEPARTMENT,"",1900-02-01 00:00:00,2024-12-15 00:00:00
2949,2375,DEPARTMENT,"",1900-02-01 00:00:00,2024-12-15 00:00:00
2955,2378,DEPARTMENT,"",1900-02-01 00:00:00,2024-12-15 00:00:00
2963,2382,DEPARTMENT,"",1900-02-01 00:00:00,2024-12-15 00:00:00
2975,2388,DEPARTMENT,"",1900-02-01 00:00:00,2024-12-15 00:00:00
2608,2205,OFFICE,"",1900-02-01 00:00:00,2099-02-01 00:00:00
2091,2046,DEPARTMENT,"",1900-02-01 00:00:00,2024-12-15 00:00:00
2093,2047,DEPARTMENT,"",1900-02-01 00:00:00,2024-12-15 00:00:00
2109,2055,DEPARTMENT,"",1900-02-01 00:00:00,2024-12-15 00:00:00
2147,2074,DEPARTMENT,"",1900-02-01 00:00:00,2024-12-15 00:00:00
2185,2093,DEPARTMENT,"",1900-02-01 00:00:00,2024-12-15 00:00:00
2207,2104,DEPARTMENT,"",1900-02-01 00:00:00,2024-12-15 00:00:00
2431,2031,DEPARTMENT,'Biz플랫폼부-D20742',2024-12-15 00:00:00,2099-02-01 00:00:00
2432,2032,DEPARTMENT,'글로벌사업추진부-D60001',2024-12-15 00:00:00,2099-02-01 00:00:00
2434,2034,DEPARTMENT,'카드IT운영부-D30116',2024-12-15 00:00:00,2099-02-01 00:00:00
2436,2036,DEPARTMENT,'글로벌사업추진부-D60001',2024-12-15 00:00:00,2099-02-01 00:00:00
2438,2038,DEPARTMENT,'경영기획부-D80101',2024-12-15 00:00:00,2099-02-01 00:00:00
2440,2040,DEPARTMENT,'MSP사업부-D91020',2024-12-15 00:00:00,2099-02-01 00:00:00
2441,2041,DEPARTMENT,'Biz플랫폼부-D20742',2024-12-15 00:00:00,2099-02-01 00:00:00
2443,2043,DEPARTMENT,'그룹사IT운영부-D30112',2024-12-15 00:00:00,2099-02-01 00:00:00
2444,2044,DEPARTMENT,'그룹사마케팅,2024-12-15 00:00:00,2099-02-01 00:00:00
2445,2045,DEPARTMENT,'그룹사마케팅,2024-12-15 00:00:00,2099-02-01 00:00:00
2446,2046,DEPARTMENT,'카드IT운영부-D30116',2024-12-15 00:00:00,2099-02-01 00:00:00
2447,2047,DEPARTMENT,'테크플랫폼부-D20741',2024-12-15 00:00:00,2099-02-01 00:00:00
2448,2048,DEPARTMENT,'Biz플랫폼부-D20742',2024-12-15 00:00:00,2099-02-01 00:00:00
2449,2049,DEPARTMENT,'그룹사마케팅,2024-12-15 00:00:00,2099-02-01 00:00:00
2450,2050,DEPARTMENT,'테크플랫폼부-D20741',2024-12-15 00:00:00,2099-02-01 00:00:00
2451,2051,DEPARTMENT,'은행마케팅,2024-12-15 00:00:00,2099-02-01 00:00:00
2452,2052,DEPARTMENT,'글로벌사업추진부-D60001',2024-12-15 00:00:00,2099-02-01 00:00:00
2453,2053,DEPARTMENT,'은행SO사업부-D20736',2024-12-15 00:00:00,2099-02-01 00:00:00
2454,2054,DEPARTMENT,'Biz플랫폼부-D20742',2024-12-15 00:00:00,2099-02-01 00:00:00
2455,2055,DEPARTMENT,'경영기획부-D80101',2024-12-15 00:00:00,2099-02-01 00:00:00
2456,2056,DEPARTMENT,'테크플랫폼부-D20741',2024-12-15 00:00:00,2099-02-01 00:00:00
2457,2057,DEPARTMENT,'테크플랫폼부-D20741',2024-12-15 00:00:00,2099-02-01 00:00:00
2458,2058,DEPARTMENT,'Biz플랫폼부-D20742',2024-12-15 00:00:00,2099-02-01 00:00:00
2459,2059,DEPARTMENT,'테크플랫폼부-D20741',2024-12-15 00:00:00,2099-02-01 00:00:00
2460,2060,DEPARTMENT,'그룹사IT운영부-D30112',2024-12-15 00:00:00,2099-02-01 00:00:00
2461,2061,DEPARTMENT,'테크플랫폼부-D20741',2024-12-15 00:00:00,2099-02-01 00:00:00
2463,2063,DEPARTMENT,'Biz플랫폼부-D20742',2024-12-15 00:00:00,2099-02-01 00:00:00
2464,2064,DEPARTMENT,'그룹사IT운영부-D30112',2024-12-15 00:00:00,2099-02-01 00:00:00
2465,2065,DEPARTMENT,'경영지원부-D80201',2024-12-15 00:00:00,2099-02-01 00:00:00
2466,2066,DEPARTMENT,'직원만족부-D80301',2024-12-15 00:00:00,2099-02-01 00:00:00
2467,2067,DEPARTMENT,'Biz플랫폼부-D20742',2024-12-15 00:00:00,2099-02-01 00:00:00
2468,2068,DEPARTMENT,'경영기획부-D80101',2024-12-15 00:00:00,2099-02-01 00:00:00
2469,2069,DEPARTMENT,'Biz플랫폼부-D20742',2024-12-15 00:00:00,2099-02-01 00:00:00
2470,2070,DEPARTMENT,'글로벌사업추진부-D60001',2024-12-15 00:00:00,2099-02-01 00:00:00
2471,2071,DEPARTMENT,'은행마케팅,2024-12-15 00:00:00,2099-02-01 00:00:00
2472,2072,DEPARTMENT,'테크플랫폼부-D20741',2024-12-15 00:00:00,2099-02-01 00:00:00
2473,2073,DEPARTMENT,'경영지원부-D80201',2024-12-15 00:00:00,2099-02-01 00:00:00
2474,2074,DEPARTMENT,'카드IT운영부-D30116',2024-12-15 00:00:00,2099-02-01 00:00:00
2475,2075,DEPARTMENT,'그룹사마케팅,2024-12-15 00:00:00,2099-02-01 00:00:00
2476,2076,DEPARTMENT,'은행SO사업부-D20736',2024-12-15 00:00:00,2099-02-01 00:00:00
2477,2077,DEPARTMENT,'직원만족부-D80301',2024-12-15 00:00:00,2099-02-01 00:00:00
2478,2078,DEPARTMENT,'카드IT운영부-D30116',2024-12-15 00:00:00,2099-02-01 00:00:00
2479,2079,DEPARTMENT,'Biz플랫폼부-D20742',2024-12-15 00:00:00,2099-02-01 00:00:00
2480,2080,DEPARTMENT,'Biz플랫폼부-D20742',2024-12-15 00:00:00,2099-02-01 00:00:00
2481,2081,DEPARTMENT,'테크플랫폼부-D20741',2024-12-15 00:00:00,2099-02-01 00:00:00
2482,2082,DEPARTMENT,'MSP사업부-D91020',2024-12-15 00:00:00,2099-02-01 00:00:00
2483,2083,DEPARTMENT,'은행SO사업부-D20736',2024-12-15 00:00:00,2099-02-01 00:00:00
2485,2085,DEPARTMENT,'글로벌사업추진부-D60001',2024-12-15 00:00:00,2099-02-01 00:00:00
2486,2086,DEPARTMENT,'Biz플랫폼부-D20742',2024-12-15 00:00:00,2099-02-01 00:00:00
2487,2087,DEPARTMENT,'카드IT운영부-D30116',2024-12-15 00:00:00,2099-02-01 00:00:00
2488,2088,DEPARTMENT,'글로벌사업추진부-D60001',2024-12-15 00:00:00,2099-02-01 00:00:00
2489,2089,DEPARTMENT,'테크플랫폼부-D20741',2024-12-15 00:00:00,2099-02-01 00:00:00
2490,2090,DEPARTMENT,'Biz플랫폼부-D20742',2024-12-15 00:00:00,2099-02-01 00:00:00
2491,2091,DEPARTMENT,'테크플랫폼부-D20741',2024-12-15 00:00:00,2099-02-01 00:00:00
2492,2092,DEPARTMENT,'감사팀-D80054',2024-12-15 00:00:00,2099-02-01 00:00:00
2493,2093,DEPARTMENT,'그룹사IT운영부-D30112',2024-12-15 00:00:00,2099-02-01 00:00:00
2494,2094,DEPARTMENT,'테크플랫폼부-D20741',2024-12-15 00:00:00,2099-02-01 00:00:00
2495,2095,DEPARTMENT,'카드IT운영부-D30116',2024-12-15 00:00:00,2099-02-01 00:00:00
2496,2096,DEPARTMENT,'그룹사마케팅,2024-12-15 00:00:00,2099-02-01 00:00:00
2497,2097,DEPARTMENT,'보험IT운영부-D30114',2024-12-15 00:00:00,2099-02-01 00:00:00
2498,2098,DEPARTMENT,'카드IT운영부-D30116',2024-12-15 00:00:00,2099-02-01 00:00:00
2499,2099,DEPARTMENT,'그룹사IT운영부-D30112',2024-12-15 00:00:00,2099-02-01 00:00:00
2500,2100,DEPARTMENT,'카드IT운영부-D30116',2024-12-15 00:00:00,2099-02-01 00:00:00
2501,2101,DEPARTMENT,'글로벌사업추진부-D60001',2024-12-15 00:00:00,2099-02-01 00:00:00
2502,2102,DEPARTMENT,'카드IT운영부-D30116',2024-12-15 00:00:00,2099-02-01 00:00:00
2503,2103,DEPARTMENT,'카드IT운영부-D30116',2024-12-15 00:00:00,2099-02-01 00:00:00
2504,2104,DEPARTMENT,'카드IT운영부-D30116',2024-12-15 00:00:00,2099-02-01 00:00:00
2506,2106,DEPARTMENT,'카드IT운영부-D30116',2024-12-15 00:00:00,2099-02-01 00:00:00
2507,2107,DEPARTMENT,'카드IT운영부-D30116',2024-12-15 00:00:00,2099-02-01 00:00:00
2508,2108,DEPARTMENT,'그룹사IT운영부-D30112',2024-12-15 00:00:00,2099-02-01 00:00:00
2509,2109,DEPARTMENT,'카드IT운영부-D30116',2024-12-15 00:00:00,2099-02-01 00:00:00
2510,2110,DEPARTMENT,'카드IT운영부-D30116',2024-12-15 00:00:00,2099-02-01 00:00:00
2612,2207,OFFICE,"",1900-02-01 00:00:00,2099-02-01 00:00:00
2616,2209,OFFICE,"",1900-02-01 00:00:00,2099-02-01 00:00:00
2227,2114,DEPARTMENT,"",1900-02-01 00:00:00,2024-12-15 00:00:00
2622,2212,OFFICE,"",1900-02-01 00:00:00,2099-02-01 00:00:00
2650,2226,OFFICE,"",1900-02-01 00:00:00,2099-02-01 00:00:00
2672,2237,OFFICE,"",1900-02-01 00:00:00,2099-02-01 00:00:00
2684,2243,OFFICE,"",1900-02-01 00:00:00,2099-02-01 00:00:00
2511,2111,DEPARTMENT,'카드IT운영부-D30116',2024-12-15 00:00:00,2099-02-01 00:00:00
2513,2113,DEPARTMENT,'카드IT운영부-D30116',2024-12-15 00:00:00,2099-02-01 00:00:00
2514,2114,DEPARTMENT,'카드IT운영부-D30116',2024-12-15 00:00:00,2099-02-01 00:00:00
2516,2116,DEPARTMENT,'카드IT운영부-D30116',2024-12-15 00:00:00,2099-02-01 00:00:00
2519,2119,DEPARTMENT,'카드IT운영부-D30116',2024-12-15 00:00:00,2099-02-01 00:00:00
2524,2124,DEPARTMENT,'그룹사마케팅,2024-12-15 00:00:00,2099-02-01 00:00:00
2526,2126,DEPARTMENT,'카드IT운영부-D30116',2024-12-15 00:00:00,2099-02-01 00:00:00
2528,2128,DEPARTMENT,'테크플랫폼부-D20741',2024-12-15 00:00:00,2099-02-01 00:00:00
2530,2130,DEPARTMENT,'Biz플랫폼부-D20742',2024-12-15 00:00:00,2099-02-01 00:00:00
2532,2132,DEPARTMENT,'Biz플랫폼부-D20742',2024-12-15 00:00:00,2099-02-01 00:00:00
2535,2135,DEPARTMENT,'Biz플랫폼부-D20742',2024-12-15 00:00:00,2099-02-01 00:00:00
2698,2250,OFFICE,"",1900-02-01 00:00:00,2099-02-01 00:00:00
2702,2252,OFFICE,"",1900-02-01 00:00:00,2099-02-01 00:00:00
2710,2256,OFFICE,"",1900-02-01 00:00:00,2099-02-01 00:00:00
2722,2262,OFFICE,"",1900-02-01 00:00:00,2099-02-01 00:00:00
2728,2265,OFFICE,"",1900-02-01 00:00:00,2099-02-01 00:00:00
2736,2269,OFFICE,"",1900-02-01 00:00:00,2099-02-01 00:00:00
2742,2272,OFFICE,"",1900-02-01 00:00:00,2099-02-01 00:00:00
2748,2275,OFFICE,"",1900-02-01 00:00:00,2099-02-01 00:00:00
2754,2278,OFFICE,"",1900-02-01 00:00:00,2099-02-01 00:00:00
2760,2281,OFFICE,"",1900-02-01 00:00:00,2099-02-01 00:00:00
2766,2284,OFFICE,"",1900-02-01 00:00:00,2099-02-01 00:00:00
2780,2291,OFFICE,"",1900-02-01 00:00:00,2099-02-01 00:00:00
2786,2294,OFFICE,"",1900-02-01 00:00:00,2099-02-01 00:00:00
2792,2297,OFFICE,"",1900-02-01 00:00:00,2099-02-01 00:00:00
2796,2299,OFFICE,"",1900-02-01 00:00:00,2099-02-01 00:00:00
2802,2302,OFFICE,"",1900-02-01 00:00:00,2099-02-01 00:00:00
2810,2306,OFFICE,"",1900-02-01 00:00:00,2099-02-01 00:00:00
2814,2308,OFFICE,"",1900-02-01 00:00:00,2099-02-01 00:00:00
2832,2317,OFFICE,"",1900-02-01 00:00:00,2099-02-01 00:00:00
2840,2321,OFFICE,"",1900-02-01 00:00:00,2099-02-01 00:00:00
2848,2325,OFFICE,"",1900-02-01 00:00:00,2099-02-01 00:00:00
2852,2327,OFFICE,"",1900-02-01 00:00:00,2099-02-01 00:00:00
2856,2329,OFFICE,"",1900-02-01 00:00:00,2099-02-01 00:00:00
2864,2333,OFFICE,"",1900-02-01 00:00:00,2099-02-01 00:00:00
2870,2336,OFFICE,"",1900-02-01 00:00:00,2099-02-01 00:00:00
2876,2339,OFFICE,"",1900-02-01 00:00:00,2099-02-01 00:00:00
2880,2341,OFFICE,"",1900-02-01 00:00:00,2099-02-01 00:00:00
2884,2343,OFFICE,"",1900-02-01 00:00:00,2099-02-01 00:00:00
2896,2349,OFFICE,"",1900-02-01 00:00:00,2099-02-01 00:00:00
2898,2350,OFFICE,"",1900-02-01 00:00:00,2099-02-01 00:00:00
2906,2354,OFFICE,"",1900-02-01 00:00:00,2099-02-01 00:00:00
2912,2357,OFFICE,"",1900-02-01 00:00:00,2099-02-01 00:00:00
2926,2364,OFFICE,"",1900-02-01 00:00:00,2099-02-01 00:00:00
2932,2367,OFFICE,"",1900-02-01 00:00:00,2099-02-01 00:00:00
2964,2383,OFFICE,"",1900-02-01 00:00:00,2099-02-01 00:00:00
2970,2386,OFFICE,"",1900-02-01 00:00:00,2099-02-01 00:00:00
2976,2389,OFFICE,"",1900-02-01 00:00:00,2099-02-01 00:00:00
3003,2203,DEPARTMENT,'은행마케팅,2024-12-15 00:00:00,2099-02-01 00:00:00
3004,2204,DEPARTMENT,'은행SO사업부-D20736',2024-12-15 00:00:00,2099-02-01 00:00:00
2613,2207,DEPARTMENT,"",1900-02-01 00:00:00,2024-12-15 00:00:00
3008,2208,DEPARTMENT,'은행SO사업부-D20736',2024-12-15 00:00:00,2099-02-01 00:00:00
2617,2209,DEPARTMENT,"",1900-02-01 00:00:00,2024-12-15 00:00:00
3010,2210,DEPARTMENT,'Biz플랫폼부-D20742',2024-12-15 00:00:00,2099-02-01 00:00:00
2623,2212,DEPARTMENT,"",1900-02-01 00:00:00,2024-12-15 00:00:00
3015,2215,DEPARTMENT,'테크플랫폼부-D20741',2024-12-15 00:00:00,2099-02-01 00:00:00
3017,2217,DEPARTMENT,'그룹사IT운영부-D30112',2024-12-15 00:00:00,2099-02-01 00:00:00
2651,2226,DEPARTMENT,"",1900-02-01 00:00:00,2024-12-15 00:00:00
2673,2237,DEPARTMENT,"",1900-02-01 00:00:00,2024-12-15 00:00:00
2685,2243,DEPARTMENT,"",1900-02-01 00:00:00,2024-12-15 00:00:00
2699,2250,DEPARTMENT,"",1900-02-01 00:00:00,2024-12-15 00:00:00
2703,2252,DEPARTMENT,"",1900-02-01 00:00:00,2024-12-15 00:00:00
2711,2256,DEPARTMENT,"",1900-02-01 00:00:00,2024-12-15 00:00:00
3057,2257,DEPARTMENT,'테크플랫폼부-D20741',2024-12-15 00:00:00,2099-02-01 00:00:00
2729,2265,DEPARTMENT,"",1900-02-01 00:00:00,2024-12-15 00:00:00
2737,2269,DEPARTMENT,"",1900-02-01 00:00:00,2024-12-15 00:00:00
2743,2272,DEPARTMENT,"",1900-02-01 00:00:00,2024-12-15 00:00:00
2749,2275,DEPARTMENT,"",1900-02-01 00:00:00,2024-12-15 00:00:00
2755,2278,DEPARTMENT,"",1900-02-01 00:00:00,2024-12-15 00:00:00
2761,2281,DEPARTMENT,"",1900-02-01 00:00:00,2024-12-15 00:00:00
2767,2284,DEPARTMENT,"",1900-02-01 00:00:00,2024-12-15 00:00:00
2781,2291,DEPARTMENT,"",1900-02-01 00:00:00,2024-12-15 00:00:00
2787,2294,DEPARTMENT,"",1900-02-01 00:00:00,2024-12-15 00:00:00
2793,2297,DEPARTMENT,"",1900-02-01 00:00:00,2024-12-15 00:00:00
2797,2299,DEPARTMENT,"",1900-02-01 00:00:00,2024-12-15 00:00:00
2803,2302,DEPARTMENT,"",1900-02-01 00:00:00,2024-12-15 00:00:00
2811,2306,DEPARTMENT,"",1900-02-01 00:00:00,2024-12-15 00:00:00
2815,2308,DEPARTMENT,"",1900-02-01 00:00:00,2024-12-15 00:00:00
2833,2317,DEPARTMENT,"",1900-02-01 00:00:00,2024-12-15 00:00:00
2841,2321,DEPARTMENT,"",1900-02-01 00:00:00,2024-12-15 00:00:00
2849,2325,DEPARTMENT,"",1900-02-01 00:00:00,2024-12-15 00:00:00
2853,2327,DEPARTMENT,"",1900-02-01 00:00:00,2024-12-15 00:00:00
2865,2333,DEPARTMENT,"",1900-02-01 00:00:00,2024-12-15 00:00:00
2871,2336,DEPARTMENT,"",1900-02-01 00:00:00,2024-12-15 00:00:00
2877,2339,DEPARTMENT,"",1900-02-01 00:00:00,2024-12-15 00:00:00
2881,2341,DEPARTMENT,"",1900-02-01 00:00:00,2024-12-15 00:00:00
2885,2343,DEPARTMENT,"",1900-02-01 00:00:00,2024-12-15 00:00:00
2897,2349,DEPARTMENT,"",1900-02-01 00:00:00,2024-12-15 00:00:00
2899,2350,DEPARTMENT,"",1900-02-01 00:00:00,2024-12-15 00:00:00
2907,2354,DEPARTMENT,"",1900-02-01 00:00:00,2024-12-15 00:00:00
2913,2357,DEPARTMENT,"",1900-02-01 00:00:00,2024-12-15 00:00:00
2927,2364,DEPARTMENT,"",1900-02-01 00:00:00,2024-12-15 00:00:00
2933,2367,DEPARTMENT,"",1900-02-01 00:00:00,2024-12-15 00:00:00
2965,2383,DEPARTMENT,"",1900-02-01 00:00:00,2024-12-15 00:00:00
2971,2386,DEPARTMENT,"",1900-02-01 00:00:00,2024-12-15 00:00:00
2977,2389,DEPARTMENT,"",1900-02-01 00:00:00,2024-12-15 00:00:00
2620,2211,OFFICE,"",1900-02-01 00:00:00,2099-02-01 00:00:00
2626,2214,OFFICE,"",1900-02-01 00:00:00,2099-02-01 00:00:00
2632,2217,OFFICE,"",1900-02-01 00:00:00,2099-02-01 00:00:00
2640,2221,OFFICE,"",1900-02-01 00:00:00,2099-02-01 00:00:00
2512,2112,DEPARTMENT,'카드IT운영부-D30116',2024-12-15 00:00:00,2099-02-01 00:00:00
2515,2115,DEPARTMENT,'그룹사마케팅,2024-12-15 00:00:00,2099-02-01 00:00:00
2522,2122,DEPARTMENT,'카드IT운영부-D30116',2024-12-15 00:00:00,2099-02-01 00:00:00
2525,2125,DEPARTMENT,'카드IT운영부-D30116',2024-12-15 00:00:00,2099-02-01 00:00:00
2529,2129,DEPARTMENT,'테크플랫폼부-D20741',2024-12-15 00:00:00,2099-02-01 00:00:00
2534,2134,DEPARTMENT,'보험IT운영부-D30114',2024-12-15 00:00:00,2099-02-01 00:00:00
2536,2136,DEPARTMENT,'글로벌사업추진부-D60001',2024-12-15 00:00:00,2099-02-01 00:00:00
2652,2227,OFFICE,"",1900-02-01 00:00:00,2099-02-01 00:00:00
2660,2231,OFFICE,"",1900-02-01 00:00:00,2099-02-01 00:00:00
2666,2234,OFFICE,"",1900-02-01 00:00:00,2099-02-01 00:00:00
2674,2238,OFFICE,"",1900-02-01 00:00:00,2099-02-01 00:00:00
2680,2241,OFFICE,"",1900-02-01 00:00:00,2099-02-01 00:00:00
2688,2245,OFFICE,"",1900-02-01 00:00:00,2099-02-01 00:00:00
2694,2248,OFFICE,"",1900-02-01 00:00:00,2099-02-01 00:00:00
2706,2254,OFFICE,"",1900-02-01 00:00:00,2099-02-01 00:00:00
2712,2257,OFFICE,"",1900-02-01 00:00:00,2099-02-01 00:00:00
2718,2260,OFFICE,"",1900-02-01 00:00:00,2099-02-01 00:00:00
2724,2263,OFFICE,"",1900-02-01 00:00:00,2099-02-01 00:00:00
2738,2270,OFFICE,"",1900-02-01 00:00:00,2099-02-01 00:00:00
2744,2273,OFFICE,"",1900-02-01 00:00:00,2099-02-01 00:00:00
2752,2277,OFFICE,"",1900-02-01 00:00:00,2099-02-01 00:00:00
2758,2280,OFFICE,"",1900-02-01 00:00:00,2099-02-01 00:00:00
2764,2283,OFFICE,"",1900-02-01 00:00:00,2099-02-01 00:00:00
2768,2285,OFFICE,"",1900-02-01 00:00:00,2099-02-01 00:00:00
2774,2288,OFFICE,"",1900-02-01 00:00:00,2099-02-01 00:00:00
2782,2292,OFFICE,"",1900-02-01 00:00:00,2099-02-01 00:00:00
2794,2298,OFFICE,"",1900-02-01 00:00:00,2099-02-01 00:00:00
2800,2301,OFFICE,"",1900-02-01 00:00:00,2099-02-01 00:00:00
2812,2307,OFFICE,"",1900-02-01 00:00:00,2099-02-01 00:00:00
2820,2311,OFFICE,"",1900-02-01 00:00:00,2099-02-01 00:00:00
2824,2313,OFFICE,"",1900-02-01 00:00:00,2099-02-01 00:00:00
2830,2316,OFFICE,"",1900-02-01 00:00:00,2099-02-01 00:00:00
2836,2319,OFFICE,"",1900-02-01 00:00:00,2099-02-01 00:00:00
2842,2322,OFFICE,"",1900-02-01 00:00:00,2099-02-01 00:00:00
2846,2324,OFFICE,"",1900-02-01 00:00:00,2099-02-01 00:00:00
2854,2328,OFFICE,"",1900-02-01 00:00:00,2099-02-01 00:00:00
2860,2331,OFFICE,"",1900-02-01 00:00:00,2099-02-01 00:00:00
2866,2334,OFFICE,"",1900-02-01 00:00:00,2099-02-01 00:00:00
2888,2345,OFFICE,"",1900-02-01 00:00:00,2099-02-01 00:00:00
2900,2351,OFFICE,"",1900-02-01 00:00:00,2099-02-01 00:00:00
2908,2355,OFFICE,"",1900-02-01 00:00:00,2099-02-01 00:00:00
2922,2362,OFFICE,"",1900-02-01 00:00:00,2099-02-01 00:00:00
2930,2366,OFFICE,"",1900-02-01 00:00:00,2099-02-01 00:00:00
2936,2369,OFFICE,"",1900-02-01 00:00:00,2099-02-01 00:00:00
2980,2391,OFFICE,"",1900-02-01 00:00:00,2099-02-01 00:00:00
2986,2394,OFFICE,"",1900-02-01 00:00:00,2099-02-01 00:00:00
2998,2400,OFFICE,"",1900-02-01 00:00:00,2099-02-01 00:00:00
3005,2205,DEPARTMENT,'그룹사IT운영부-D30112',2024-12-15 00:00:00,2099-02-01 00:00:00
2609,2205,DEPARTMENT,"",1900-02-01 00:00:00,2024-12-15 00:00:00
3006,2206,DEPARTMENT,'카드IT운영부-D30116',2024-12-15 00:00:00,2099-02-01 00:00:00
2621,2211,DEPARTMENT,"",1900-02-01 00:00:00,2024-12-15 00:00:00
2627,2214,DEPARTMENT,"",1900-02-01 00:00:00,2024-12-15 00:00:00
2633,2217,DEPARTMENT,"",1900-02-01 00:00:00,2024-12-15 00:00:00
2641,2221,DEPARTMENT,"",1900-02-01 00:00:00,2024-12-15 00:00:00
2653,2227,DEPARTMENT,"",1900-02-01 00:00:00,2024-12-15 00:00:00
2661,2231,DEPARTMENT,"",1900-02-01 00:00:00,2024-12-15 00:00:00
2667,2234,DEPARTMENT,"",1900-02-01 00:00:00,2024-12-15 00:00:00
2675,2238,DEPARTMENT,"",1900-02-01 00:00:00,2024-12-15 00:00:00
2681,2241,DEPARTMENT,"",1900-02-01 00:00:00,2024-12-15 00:00:00
2689,2245,DEPARTMENT,"",1900-02-01 00:00:00,2024-12-15 00:00:00
2695,2248,DEPARTMENT,"",1900-02-01 00:00:00,2024-12-15 00:00:00
2707,2254,DEPARTMENT,"",1900-02-01 00:00:00,2024-12-15 00:00:00
2713,2257,DEPARTMENT,"",1900-02-01 00:00:00,2024-12-15 00:00:00
3058,2258,DEPARTMENT,'Biz플랫폼부-D20742',2024-12-15 00:00:00,2099-02-01 00:00:00
2719,2260,DEPARTMENT,"",1900-02-01 00:00:00,2024-12-15 00:00:00
3061,2261,DEPARTMENT,'테크플랫폼부-D20741',2024-12-15 00:00:00,2099-02-01 00:00:00
3063,2263,DEPARTMENT,'Biz플랫폼부-D20742',2024-12-15 00:00:00,2099-02-01 00:00:00
2725,2263,DEPARTMENT,"",1900-02-01 00:00:00,2024-12-15 00:00:00
3065,2265,DEPARTMENT,'경영지원부-D80201',2024-12-15 00:00:00,2099-02-01 00:00:00
3068,2268,DEPARTMENT,'경영기획부-D80101',2024-12-15 00:00:00,2099-02-01 00:00:00
3070,2270,DEPARTMENT,'글로벌사업추진부-D60001',2024-12-15 00:00:00,2099-02-01 00:00:00
2739,2270,DEPARTMENT,"",1900-02-01 00:00:00,2024-12-15 00:00:00
3072,2272,DEPARTMENT,'테크플랫폼부-D20741',2024-12-15 00:00:00,2099-02-01 00:00:00
2745,2273,DEPARTMENT,"",1900-02-01 00:00:00,2024-12-15 00:00:00
2759,2280,DEPARTMENT,"",1900-02-01 00:00:00,2024-12-15 00:00:00
2765,2283,DEPARTMENT,"",1900-02-01 00:00:00,2024-12-15 00:00:00
2769,2285,DEPARTMENT,"",1900-02-01 00:00:00,2024-12-15 00:00:00
2775,2288,DEPARTMENT,"",1900-02-01 00:00:00,2024-12-15 00:00:00
2783,2292,DEPARTMENT,"",1900-02-01 00:00:00,2024-12-15 00:00:00
2795,2298,DEPARTMENT,"",1900-02-01 00:00:00,2024-12-15 00:00:00
2801,2301,DEPARTMENT,"",1900-02-01 00:00:00,2024-12-15 00:00:00
2813,2307,DEPARTMENT,"",1900-02-01 00:00:00,2024-12-15 00:00:00
2821,2311,DEPARTMENT,"",1900-02-01 00:00:00,2024-12-15 00:00:00
2825,2313,DEPARTMENT,"",1900-02-01 00:00:00,2024-12-15 00:00:00
2831,2316,DEPARTMENT,"",1900-02-01 00:00:00,2024-12-15 00:00:00
2837,2319,DEPARTMENT,"",1900-02-01 00:00:00,2024-12-15 00:00:00
2843,2322,DEPARTMENT,"",1900-02-01 00:00:00,2024-12-15 00:00:00
2847,2324,DEPARTMENT,"",1900-02-01 00:00:00,2024-12-15 00:00:00
2855,2328,DEPARTMENT,"",1900-02-01 00:00:00,2024-12-15 00:00:00
2861,2331,DEPARTMENT,"",1900-02-01 00:00:00,2024-12-15 00:00:00
2867,2334,DEPARTMENT,"",1900-02-01 00:00:00,2024-12-15 00:00:00
2889,2345,DEPARTMENT,"",1900-02-01 00:00:00,2024-12-15 00:00:00
2909,2355,DEPARTMENT,"",1900-02-01 00:00:00,2024-12-15 00:00:00
2923,2362,DEPARTMENT,"",1900-02-01 00:00:00,2024-12-15 00:00:00
2931,2366,DEPARTMENT,"",1900-02-01 00:00:00,2024-12-15 00:00:00
2937,2369,DEPARTMENT,"",1900-02-01 00:00:00,2024-12-15 00:00:00
2981,2391,DEPARTMENT,"",1900-02-01 00:00:00,2024-12-15 00:00:00
2987,2394,DEPARTMENT,"",1900-02-01 00:00:00,2024-12-15 00:00:00
2999,2400,DEPARTMENT,"",1900-02-01 00:00:00,2024-12-15 00:00:00
2581,2181,DEPARTMENT,'카드IT운영부-D30116',2024-12-15 00:00:00,2099-02-01 00:00:00
2582,2182,DEPARTMENT,'경영지원본부-D80056',2024-12-15 00:00:00,2099-02-01 00:00:00
2583,2183,DEPARTMENT,'은행SO사업부-D20736',2024-12-15 00:00:00,2099-02-01 00:00:00
2584,2184,DEPARTMENT,'테크플랫폼부-D20741',2024-12-15 00:00:00,2099-02-01 00:00:00
2585,2185,DEPARTMENT,'은행SO사업부-D20736',2024-12-15 00:00:00,2099-02-01 00:00:00
2586,2186,DEPARTMENT,'테크플랫폼부-D20741',2024-12-15 00:00:00,2099-02-01 00:00:00
2587,2187,DEPARTMENT,'MSP사업부-D91020',2024-12-15 00:00:00,2099-02-01 00:00:00
2588,2188,DEPARTMENT,'은행마케팅,2024-12-15 00:00:00,2099-02-01 00:00:00
2265,2133,DEPARTMENT,"",1900-02-01 00:00:00,2024-12-15 00:00:00
2589,2189,DEPARTMENT,'MSP사업부-D91020',2024-12-15 00:00:00,2099-02-01 00:00:00
2591,2191,DEPARTMENT,'그룹사IT운영부-D30112',2024-12-15 00:00:00,2099-02-01 00:00:00
2592,2192,DEPARTMENT,'글로벌사업추진부-D60001',2024-12-15 00:00:00,2099-02-01 00:00:00
2593,2193,DEPARTMENT,'테크플랫폼부-D20741',2024-12-15 00:00:00,2099-02-01 00:00:00
2594,2194,DEPARTMENT,'그룹사IT운영부-D30112',2024-12-15 00:00:00,2099-02-01 00:00:00
2595,2195,DEPARTMENT,'그룹사IT운영부-D30112',2024-12-15 00:00:00,2099-02-01 00:00:00
2596,2196,DEPARTMENT,'카드IT운영부-D30116',2024-12-15 00:00:00,2099-02-01 00:00:00
2597,2197,DEPARTMENT,'테크플랫폼부-D20741',2024-12-15 00:00:00,2099-02-01 00:00:00
2598,2198,DEPARTMENT,'그룹사IT운영부-D30112',2024-12-15 00:00:00,2099-02-01 00:00:00
2599,2199,DEPARTMENT,'그룹사마케팅,2024-12-15 00:00:00,2099-02-01 00:00:00
2600,2200,DEPARTMENT,'Biz플랫폼부-D20742',2024-12-15 00:00:00,2099-02-01 00:00:00
2601,2201,DEPARTMENT,'카드IT운영부-D30116',2024-12-15 00:00:00,2099-02-01 00:00:00
2303,2152,DEPARTMENT,"",1900-02-01 00:00:00,2024-12-15 00:00:00
2319,2160,DEPARTMENT,"",1900-02-01 00:00:00,2024-12-15 00:00:00
2351,2176,DEPARTMENT,"",1900-02-01 00:00:00,2024-12-15 00:00:00
2389,2195,DEPARTMENT,"",1900-02-01 00:00:00,2024-12-15 00:00:00
2406,2006,DEPARTMENT,'카드IT운영부-D30116',2024-12-15 00:00:00,2099-02-01 00:00:00
2429,2029,DEPARTMENT,'은행마케팅,2024-12-15 00:00:00,2099-02-01 00:00:00
2442,2042,DEPARTMENT,'은행SO사업부-D20736',2024-12-15 00:00:00,2099-02-01 00:00:00
2462,2062,DEPARTMENT,'그룹사IT운영부-D30112',2024-12-15 00:00:00,2099-02-01 00:00:00
2484,2084,DEPARTMENT,'테크플랫폼부-D20741',2024-12-15 00:00:00,2099-02-01 00:00:00
2518,2118,DEPARTMENT,'카드IT운영부-D30116',2024-12-15 00:00:00,2099-02-01 00:00:00
2520,2120,DEPARTMENT,'경영지원본부-D80056',2024-12-15 00:00:00,2099-02-01 00:00:00
2521,2121,DEPARTMENT,'그룹사마케팅,2024-12-15 00:00:00,2099-02-01 00:00:00
2523,2123,DEPARTMENT,'카드IT운영부-D30116',2024-12-15 00:00:00,2099-02-01 00:00:00
2527,2127,DEPARTMENT,'은행마케팅,2024-12-15 00:00:00,2099-02-01 00:00:00
2531,2131,DEPARTMENT,'그룹사IT운영부-D30112',2024-12-15 00:00:00,2099-02-01 00:00:00
2533,2133,DEPARTMENT,'Biz플랫폼부-D20742',2024-12-15 00:00:00,2099-02-01 00:00:00
2537,2137,DEPARTMENT,'테크플랫폼부-D20741',2024-12-15 00:00:00,2099-02-01 00:00:00
2538,2138,DEPARTMENT,'카드IT운영부-D30116',2024-12-15 00:00:00,2099-02-01 00:00:00
2539,2139,DEPARTMENT,'은행SO사업부-D20736',2024-12-15 00:00:00,2099-02-01 00:00:00
2540,2140,DEPARTMENT,'Biz플랫폼부-D20742',2024-12-15 00:00:00,2099-02-01 00:00:00
2541,2141,DEPARTMENT,'보험IT운영부-D30114',2024-12-15 00:00:00,2099-02-01 00:00:00
2542,2142,DEPARTMENT,'그룹사마케팅,2024-12-15 00:00:00,2099-02-01 00:00:00
2544,2144,DEPARTMENT,'그룹사IT운영부-D30112',2024-12-15 00:00:00,2099-02-01 00:00:00
2545,2145,DEPARTMENT,'카드IT운영부-D30116',2024-12-15 00:00:00,2099-02-01 00:00:00
2546,2146,DEPARTMENT,'은행마케팅,2024-12-15 00:00:00,2099-02-01 00:00:00
2547,2147,DEPARTMENT,'은행마케팅,2024-12-15 00:00:00,2099-02-01 00:00:00
2548,2148,DEPARTMENT,'테크플랫폼부-D20741',2024-12-15 00:00:00,2099-02-01 00:00:00
2549,2149,DEPARTMENT,'보험IT운영부-D30114',2024-12-15 00:00:00,2099-02-01 00:00:00
2550,2150,DEPARTMENT,'테크플랫폼부-D20741',2024-12-15 00:00:00,2099-02-01 00:00:00
2551,2151,DEPARTMENT,'보험IT운영부-D30114',2024-12-15 00:00:00,2099-02-01 00:00:00
2552,2152,DEPARTMENT,'테크플랫폼부-D20741',2024-12-15 00:00:00,2099-02-01 00:00:00
2553,2153,DEPARTMENT,'테크플랫폼부-D20741',2024-12-15 00:00:00,2099-02-01 00:00:00
2554,2154,DEPARTMENT,'그룹사IT운영부-D30112',2024-12-15 00:00:00,2099-02-01 00:00:00
2555,2155,DEPARTMENT,'카드IT운영부-D30116',2024-12-15 00:00:00,2099-02-01 00:00:00
2556,2156,DEPARTMENT,'그룹사IT운영부-D30112',2024-12-15 00:00:00,2099-02-01 00:00:00
2557,2157,DEPARTMENT,'테크플랫폼부-D20741',2024-12-15 00:00:00,2099-02-01 00:00:00
2558,2158,DEPARTMENT,'은행마케팅,2024-12-15 00:00:00,2099-02-01 00:00:00
2559,2159,DEPARTMENT,'글로벌사업추진부-D60001',2024-12-15 00:00:00,2099-02-01 00:00:00
2560,2160,DEPARTMENT,'테크플랫폼부-D20741',2024-12-15 00:00:00,2099-02-01 00:00:00
2561,2161,DEPARTMENT,'테크플랫폼부-D20741',2024-12-15 00:00:00,2099-02-01 00:00:00
2563,2163,DEPARTMENT,'경영지원부-D80201',2024-12-15 00:00:00,2099-02-01 00:00:00
2564,2164,DEPARTMENT,'경영지원본부-D80056',2024-12-15 00:00:00,2099-02-01 00:00:00
2565,2165,DEPARTMENT,'은행마케팅,2024-12-15 00:00:00,2099-02-01 00:00:00
2566,2166,DEPARTMENT,'은행마케팅,2024-12-15 00:00:00,2099-02-01 00:00:00
2567,2167,DEPARTMENT,'보험IT운영부-D30114',2024-12-15 00:00:00,2099-02-01 00:00:00
2568,2168,DEPARTMENT,'Biz플랫폼부-D20742',2024-12-15 00:00:00,2099-02-01 00:00:00
2569,2169,DEPARTMENT,'글로벌사업추진부-D60001',2024-12-15 00:00:00,2099-02-01 00:00:00
2570,2170,DEPARTMENT,'글로벌사업추진부-D60001',2024-12-15 00:00:00,2099-02-01 00:00:00
2571,2171,DEPARTMENT,'카드IT운영부-D30116',2024-12-15 00:00:00,2099-02-01 00:00:00
2572,2172,DEPARTMENT,'Biz플랫폼부-D20742',2024-12-15 00:00:00,2099-02-01 00:00:00
2573,2173,DEPARTMENT,'Biz플랫폼부-D20742',2024-12-15 00:00:00,2099-02-01 00:00:00
2574,2174,DEPARTMENT,'그룹사IT운영부-D30112',2024-12-15 00:00:00,2099-02-01 00:00:00
2575,2175,DEPARTMENT,'은행마케팅,2024-12-15 00:00:00,2099-02-01 00:00:00
2576,2176,DEPARTMENT,'보험IT운영부-D30114',2024-12-15 00:00:00,2099-02-01 00:00:00
2577,2177,DEPARTMENT,'은행SO사업부-D20736',2024-12-15 00:00:00,2099-02-01 00:00:00
2578,2178,DEPARTMENT,'Biz플랫폼부-D20742',2024-12-15 00:00:00,2099-02-01 00:00:00
2579,2179,DEPARTMENT,'테크플랫폼부-D20741',2024-12-15 00:00:00,2099-02-01 00:00:00
2580,2180,DEPARTMENT,'경영지원본부-D80056',2024-12-15 00:00:00,2099-02-01 00:00:00
2505,2105,DEPARTMENT,'카드IT운영부-D30116',2024-12-15 00:00:00,2099-02-01 00:00:00
2543,2143,DEPARTMENT,'카드IT운영부-D30116',2024-12-15 00:00:00,2099-02-01 00:00:00
2630,2216,OFFICE,"",1900-02-01 00:00:00,2099-02-01 00:00:00
2654,2228,OFFICE,"",1900-02-01 00:00:00,2099-02-01 00:00:00
2664,2233,OFFICE,"",1900-02-01 00:00:00,2099-02-01 00:00:00
2676,2239,OFFICE,"",1900-02-01 00:00:00,2099-02-01 00:00:00
2682,2242,OFFICE,"",1900-02-01 00:00:00,2099-02-01 00:00:00
2690,2246,OFFICE,"",1900-02-01 00:00:00,2099-02-01 00:00:00
2696,2249,OFFICE,"",1900-02-01 00:00:00,2099-02-01 00:00:00
2700,2251,OFFICE,"",1900-02-01 00:00:00,2099-02-01 00:00:00
2708,2255,OFFICE,"",1900-02-01 00:00:00,2099-02-01 00:00:00
2716,2259,OFFICE,"",1900-02-01 00:00:00,2099-02-01 00:00:00
2730,2266,OFFICE,"",1900-02-01 00:00:00,2099-02-01 00:00:00
2734,2268,OFFICE,"",1900-02-01 00:00:00,2099-02-01 00:00:00
2750,2276,OFFICE,"",1900-02-01 00:00:00,2099-02-01 00:00:00
2762,2282,OFFICE,"",1900-02-01 00:00:00,2099-02-01 00:00:00
2772,2287,OFFICE,"",1900-02-01 00:00:00,2099-02-01 00:00:00
2778,2290,OFFICE,"",1900-02-01 00:00:00,2099-02-01 00:00:00
2784,2293,OFFICE,"",1900-02-01 00:00:00,2099-02-01 00:00:00
2788,2295,OFFICE,"",1900-02-01 00:00:00,2099-02-01 00:00:00
2938,2370,OFFICE,"",1900-02-01 00:00:00,2099-02-01 00:00:00
2946,2374,OFFICE,"",1900-02-01 00:00:00,2099-02-01 00:00:00
2952,2377,OFFICE,"",1900-02-01 00:00:00,2099-02-01 00:00:00
2960,2381,OFFICE,"",1900-02-01 00:00:00,2099-02-01 00:00:00
2966,2384,OFFICE,"",1900-02-01 00:00:00,2099-02-01 00:00:00
2972,2387,OFFICE,"",1900-02-01 00:00:00,2099-02-01 00:00:00
2978,2390,OFFICE,"",1900-02-01 00:00:00,2099-02-01 00:00:00
2982,2392,OFFICE,"",1900-02-01 00:00:00,2099-02-01 00:00:00
2984,2393,OFFICE,"",1900-02-01 00:00:00,2099-02-01 00:00:00
3011,2211,DEPARTMENT,'그룹사IT운영부-D30112',2024-12-15 00:00:00,2099-02-01 00:00:00
3012,2212,DEPARTMENT,'테크플랫폼부-D20741',2024-12-15 00:00:00,2099-02-01 00:00:00
3014,2214,DEPARTMENT,'은행SO사업부-D20736',2024-12-15 00:00:00,2099-02-01 00:00:00
2631,2216,DEPARTMENT,"",1900-02-01 00:00:00,2024-12-15 00:00:00
3021,2221,DEPARTMENT,'그룹사마케팅,2024-12-15 00:00:00,2099-02-01 00:00:00
3024,2224,DEPARTMENT,'테크플랫폼부-D20741',2024-12-15 00:00:00,2099-02-01 00:00:00
3026,2226,DEPARTMENT,'테크플랫폼부-D20741',2024-12-15 00:00:00,2099-02-01 00:00:00
2655,2228,DEPARTMENT,"",1900-02-01 00:00:00,2024-12-15 00:00:00
3029,2229,DEPARTMENT,'은행마케팅,2024-12-15 00:00:00,2099-02-01 00:00:00
2665,2233,DEPARTMENT,"",1900-02-01 00:00:00,2024-12-15 00:00:00
3035,2235,DEPARTMENT,'테크플랫폼부-D20741',2024-12-15 00:00:00,2099-02-01 00:00:00
3037,2237,DEPARTMENT,'Biz플랫폼부-D20742',2024-12-15 00:00:00,2099-02-01 00:00:00
2677,2239,DEPARTMENT,"",1900-02-01 00:00:00,2024-12-15 00:00:00
3040,2240,DEPARTMENT,'MSP사업부-D91020',2024-12-15 00:00:00,2099-02-01 00:00:00
2683,2242,DEPARTMENT,"",1900-02-01 00:00:00,2024-12-15 00:00:00
3043,2243,DEPARTMENT,'그룹사IT운영부-D30112',2024-12-15 00:00:00,2099-02-01 00:00:00
3045,2245,DEPARTMENT,'그룹사마케팅,2024-12-15 00:00:00,2099-02-01 00:00:00
2691,2246,DEPARTMENT,"",1900-02-01 00:00:00,2024-12-15 00:00:00
2697,2249,DEPARTMENT,"",1900-02-01 00:00:00,2024-12-15 00:00:00
3051,2251,DEPARTMENT,'은행마케팅,2024-12-15 00:00:00,2099-02-01 00:00:00
2701,2251,DEPARTMENT,"",1900-02-01 00:00:00,2024-12-15 00:00:00
3053,2253,DEPARTMENT,'은행SO사업부-D20736',2024-12-15 00:00:00,2099-02-01 00:00:00
2709,2255,DEPARTMENT,"",1900-02-01 00:00:00,2024-12-15 00:00:00
3059,2259,DEPARTMENT,'테크플랫폼부-D20741',2024-12-15 00:00:00,2099-02-01 00:00:00
2717,2259,DEPARTMENT,"",1900-02-01 00:00:00,2024-12-15 00:00:00
3062,2262,DEPARTMENT,'그룹사IT운영부-D30112',2024-12-15 00:00:00,2099-02-01 00:00:00
2723,2262,DEPARTMENT,"",1900-02-01 00:00:00,2024-12-15 00:00:00
3064,2264,DEPARTMENT,'그룹사IT운영부-D30112',2024-12-15 00:00:00,2099-02-01 00:00:00
2731,2266,DEPARTMENT,"",1900-02-01 00:00:00,2024-12-15 00:00:00
3067,2267,DEPARTMENT,'Biz플랫폼부-D20742',2024-12-15 00:00:00,2099-02-01 00:00:00
2735,2268,DEPARTMENT,"",1900-02-01 00:00:00,2024-12-15 00:00:00
3069,2269,DEPARTMENT,'Biz플랫폼부-D20742',2024-12-15 00:00:00,2099-02-01 00:00:00
3071,2271,DEPARTMENT,'은행마케팅,2024-12-15 00:00:00,2099-02-01 00:00:00
3074,2274,DEPARTMENT,'카드IT운영부-D30116',2024-12-15 00:00:00,2099-02-01 00:00:00
2751,2276,DEPARTMENT,"",1900-02-01 00:00:00,2024-12-15 00:00:00
3080,2280,DEPARTMENT,'Biz플랫폼부-D20742',2024-12-15 00:00:00,2099-02-01 00:00:00
3082,2282,DEPARTMENT,'MSP사업부-D91020',2024-12-15 00:00:00,2099-02-01 00:00:00
2763,2282,DEPARTMENT,"",1900-02-01 00:00:00,2024-12-15 00:00:00
3084,2284,DEPARTMENT,'테크플랫폼부-D20741',2024-12-15 00:00:00,2099-02-01 00:00:00
2773,2287,DEPARTMENT,"",1900-02-01 00:00:00,2024-12-15 00:00:00
3088,2288,DEPARTMENT,'글로벌사업추진부-D60001',2024-12-15 00:00:00,2099-02-01 00:00:00
3089,2289,DEPARTMENT,'테크플랫폼부-D20741',2024-12-15 00:00:00,2099-02-01 00:00:00
2779,2290,DEPARTMENT,"",1900-02-01 00:00:00,2024-12-15 00:00:00
3091,2291,DEPARTMENT,'테크플랫폼부-D20741',2024-12-15 00:00:00,2099-02-01 00:00:00
3093,2293,DEPARTMENT,'그룹사IT운영부-D30112',2024-12-15 00:00:00,2099-02-01 00:00:00
2785,2293,DEPARTMENT,"",1900-02-01 00:00:00,2024-12-15 00:00:00
3095,2295,DEPARTMENT,'카드IT운영부-D30116',2024-12-15 00:00:00,2099-02-01 00:00:00
2789,2295,DEPARTMENT,"",1900-02-01 00:00:00,2024-12-15 00:00:00
3097,2297,DEPARTMENT,'보험IT운영부-D30114',2024-12-15 00:00:00,2099-02-01 00:00:00
3100,2300,DEPARTMENT,'카드IT운영부-D30116',2024-12-15 00:00:00,2099-02-01 00:00:00
3102,2302,DEPARTMENT,'카드IT운영부-D30116',2024-12-15 00:00:00,2099-02-01 00:00:00
3103,2303,DEPARTMENT,'카드IT운영부-D30116',2024-12-15 00:00:00,2099-02-01 00:00:00
3105,2305,DEPARTMENT,'카드IT운영부-D30116',2024-12-15 00:00:00,2099-02-01 00:00:00
3106,2306,DEPARTMENT,'카드IT운영부-D30116',2024-12-15 00:00:00,2099-02-01 00:00:00
3107,2307,DEPARTMENT,'카드IT운영부-D30116',2024-12-15 00:00:00,2099-02-01 00:00:00
3108,2308,DEPARTMENT,'그룹사IT운영부-D30112',2024-12-15 00:00:00,2099-02-01 00:00:00
3110,2310,DEPARTMENT,'카드IT운영부-D30116',2024-12-15 00:00:00,2099-02-01 00:00:00
2939,2370,DEPARTMENT,"",1900-02-01 00:00:00,2024-12-15 00:00:00
2947,2374,DEPARTMENT,"",1900-02-01 00:00:00,2024-12-15 00:00:00
2953,2377,DEPARTMENT,"",1900-02-01 00:00:00,2024-12-15 00:00:00
2961,2381,DEPARTMENT,"",1900-02-01 00:00:00,2024-12-15 00:00:00
2967,2384,DEPARTMENT,"",1900-02-01 00:00:00,2024-12-15 00:00:00
2973,2387,DEPARTMENT,"",1900-02-01 00:00:00,2024-12-15 00:00:00
2979,2390,DEPARTMENT,"",1900-02-01 00:00:00,2024-12-15 00:00:00
2983,2392,DEPARTMENT,"",1900-02-01 00:00:00,2024-12-15 00:00:00
2985,2393,DEPARTMENT,"",1900-02-01 00:00:00,2024-12-15 00:00:00
2517,2117,DEPARTMENT,'카드IT운영부-D30116',2024-12-15 00:00:00,2099-02-01 00:00:00
2562,2162,DEPARTMENT,'테크플랫폼부-D20741',2024-12-15 00:00:00,2099-02-01 00:00:00
2644,2223,OFFICE,"",1900-02-01 00:00:00,2099-02-01 00:00:00
2656,2229,OFFICE,"",1900-02-01 00:00:00,2099-02-01 00:00:00
2662,2232,OFFICE,"",1900-02-01 00:00:00,2099-02-01 00:00:00
2798,2300,OFFICE,"",1900-02-01 00:00:00,2099-02-01 00:00:00
2940,2371,OFFICE,"",1900-02-01 00:00:00,2099-02-01 00:00:00
2942,2372,OFFICE,"",1900-02-01 00:00:00,2099-02-01 00:00:00
2958,2380,OFFICE,"",1900-02-01 00:00:00,2099-02-01 00:00:00
2990,2396,OFFICE,"",1900-02-01 00:00:00,2099-02-01 00:00:00
3020,2220,DEPARTMENT,'테크플랫폼부-D20741',2024-12-15 00:00:00,2099-02-01 00:00:00
3022,2222,DEPARTMENT,'은행SO사업부-D20736',2024-12-15 00:00:00,2099-02-01 00:00:00
2645,2223,DEPARTMENT,"",1900-02-01 00:00:00,2024-12-15 00:00:00
3027,2227,DEPARTMENT,'카드IT운영부-D30116',2024-12-15 00:00:00,2099-02-01 00:00:00
2657,2229,DEPARTMENT,"",1900-02-01 00:00:00,2024-12-15 00:00:00
3030,2230,DEPARTMENT,'테크플랫폼부-D20741',2024-12-15 00:00:00,2099-02-01 00:00:00
3032,2232,DEPARTMENT,'글로벌사업추진부-D60001',2024-12-15 00:00:00,2099-02-01 00:00:00
2663,2232,DEPARTMENT,"",1900-02-01 00:00:00,2024-12-15 00:00:00
3036,2236,DEPARTMENT,'글로벌사업추진부-D60001',2024-12-15 00:00:00,2099-02-01 00:00:00
3038,2238,DEPARTMENT,'경영기획부-D80101',2024-12-15 00:00:00,2099-02-01 00:00:00
3039,2239,DEPARTMENT,'은행SO사업부-D20736',2024-12-15 00:00:00,2099-02-01 00:00:00
3041,2241,DEPARTMENT,'Biz플랫폼부-D20742',2024-12-15 00:00:00,2099-02-01 00:00:00
3048,2248,DEPARTMENT,'Biz플랫폼부-D20742',2024-12-15 00:00:00,2099-02-01 00:00:00
3050,2250,DEPARTMENT,'테크플랫폼부-D20741',2024-12-15 00:00:00,2099-02-01 00:00:00
3052,2252,DEPARTMENT,'글로벌사업추진부-D60001',2024-12-15 00:00:00,2099-02-01 00:00:00
3054,2254,DEPARTMENT,'Biz플랫폼부-D20742',2024-12-15 00:00:00,2099-02-01 00:00:00
3075,2275,DEPARTMENT,'그룹사마케팅,2024-12-15 00:00:00,2099-02-01 00:00:00
3077,2277,DEPARTMENT,'직원만족부-D80301',2024-12-15 00:00:00,2099-02-01 00:00:00
2753,2277,DEPARTMENT,"",1900-02-01 00:00:00,2024-12-15 00:00:00
3079,2279,DEPARTMENT,'Biz플랫폼부-D20742',2024-12-15 00:00:00,2099-02-01 00:00:00
3085,2285,DEPARTMENT,'글로벌사업추진부-D60001',2024-12-15 00:00:00,2099-02-01 00:00:00
3087,2287,DEPARTMENT,'카드IT운영부-D30116',2024-12-15 00:00:00,2099-02-01 00:00:00
3094,2294,DEPARTMENT,'테크플랫폼부-D20741',2024-12-15 00:00:00,2099-02-01 00:00:00
3099,2299,DEPARTMENT,'그룹사IT운영부-D30112',2024-12-15 00:00:00,2099-02-01 00:00:00
2799,2300,DEPARTMENT,"",1900-02-01 00:00:00,2024-12-15 00:00:00
3101,2301,DEPARTMENT,'글로벌사업추진부-D60001',2024-12-15 00:00:00,2099-02-01 00:00:00
3104,2304,DEPARTMENT,'카드IT운영부-D30116',2024-12-15 00:00:00,2099-02-01 00:00:00
3109,2309,DEPARTMENT,'카드IT운영부-D30116',2024-12-15 00:00:00,2099-02-01 00:00:00
3111,2311,DEPARTMENT,'카드IT운영부-D30116',2024-12-15 00:00:00,2099-02-01 00:00:00
3112,2312,DEPARTMENT,'카드IT운영부-D30116',2024-12-15 00:00:00,2099-02-01 00:00:00
3113,2313,DEPARTMENT,'카드IT운영부-D30116',2024-12-15 00:00:00,2099-02-01 00:00:00
3114,2314,DEPARTMENT,'카드IT운영부-D30116',2024-12-15 00:00:00,2099-02-01 00:00:00
3115,2315,DEPARTMENT,'그룹사마케팅,2024-12-15 00:00:00,2099-02-01 00:00:00
3116,2316,DEPARTMENT,'카드IT운영부-D30116',2024-12-15 00:00:00,2099-02-01 00:00:00
3117,2317,DEPARTMENT,'카드IT운영부-D30116',2024-12-15 00:00:00,2099-02-01 00:00:00
3118,2318,DEPARTMENT,'카드IT운영부-D30116',2024-12-15 00:00:00,2099-02-01 00:00:00
3119,2319,DEPARTMENT,'카드IT운영부-D30116',2024-12-15 00:00:00,2099-02-01 00:00:00
3120,2320,DEPARTMENT,'경영지원본부-D80056',2024-12-15 00:00:00,2099-02-01 00:00:00
3121,2321,DEPARTMENT,'그룹사마케팅,2024-12-15 00:00:00,2099-02-01 00:00:00
3122,2322,DEPARTMENT,'카드IT운영부-D30116',2024-12-15 00:00:00,2099-02-01 00:00:00
3123,2323,DEPARTMENT,'카드IT운영부-D30116',2024-12-15 00:00:00,2099-02-01 00:00:00
3124,2324,DEPARTMENT,'그룹사마케팅,2024-12-15 00:00:00,2099-02-01 00:00:00
3125,2325,DEPARTMENT,'카드IT운영부-D30116',2024-12-15 00:00:00,2099-02-01 00:00:00
3126,2326,DEPARTMENT,'카드IT운영부-D30116',2024-12-15 00:00:00,2099-02-01 00:00:00
3127,2327,DEPARTMENT,'은행마케팅,2024-12-15 00:00:00,2099-02-01 00:00:00
3128,2328,DEPARTMENT,'테크플랫폼부-D20741',2024-12-15 00:00:00,2099-02-01 00:00:00
3129,2329,DEPARTMENT,'테크플랫폼부-D20741',2024-12-15 00:00:00,2099-02-01 00:00:00
2857,2329,DEPARTMENT,"",1900-02-01 00:00:00,2024-12-15 00:00:00
3130,2330,DEPARTMENT,'Biz플랫폼부-D20742',2024-12-15 00:00:00,2099-02-01 00:00:00
3131,2331,DEPARTMENT,'그룹사IT운영부-D30112',2024-12-15 00:00:00,2099-02-01 00:00:00
3132,2332,DEPARTMENT,'Biz플랫폼부-D20742',2024-12-15 00:00:00,2099-02-01 00:00:00
3133,2333,DEPARTMENT,'Biz플랫폼부-D20742',2024-12-15 00:00:00,2099-02-01 00:00:00
3134,2334,DEPARTMENT,'보험IT운영부-D30114',2024-12-15 00:00:00,2099-02-01 00:00:00
3135,2335,DEPARTMENT,'Biz플랫폼부-D20742',2024-12-15 00:00:00,2099-02-01 00:00:00
3136,2336,DEPARTMENT,'글로벌사업추진부-D60001',2024-12-15 00:00:00,2099-02-01 00:00:00
3137,2337,DEPARTMENT,'테크플랫폼부-D20741',2024-12-15 00:00:00,2099-02-01 00:00:00
3138,2338,DEPARTMENT,'카드IT운영부-D30116',2024-12-15 00:00:00,2099-02-01 00:00:00
3139,2339,DEPARTMENT,'은행SO사업부-D20736',2024-12-15 00:00:00,2099-02-01 00:00:00
3140,2340,DEPARTMENT,'Biz플랫폼부-D20742',2024-12-15 00:00:00,2099-02-01 00:00:00
3141,2341,DEPARTMENT,'보험IT운영부-D30114',2024-12-15 00:00:00,2099-02-01 00:00:00
3142,2342,DEPARTMENT,'그룹사마케팅,2024-12-15 00:00:00,2099-02-01 00:00:00
3143,2343,DEPARTMENT,'카드IT운영부-D30116',2024-12-15 00:00:00,2099-02-01 00:00:00
3144,2344,DEPARTMENT,'그룹사IT운영부-D30112',2024-12-15 00:00:00,2099-02-01 00:00:00
3145,2345,DEPARTMENT,'카드IT운영부-D30116',2024-12-15 00:00:00,2099-02-01 00:00:00
3146,2346,DEPARTMENT,'은행마케팅,2024-12-15 00:00:00,2099-02-01 00:00:00
3147,2347,DEPARTMENT,'은행마케팅,2024-12-15 00:00:00,2099-02-01 00:00:00
3148,2348,DEPARTMENT,'테크플랫폼부-D20741',2024-12-15 00:00:00,2099-02-01 00:00:00
3149,2349,DEPARTMENT,'보험IT운영부-D30114',2024-12-15 00:00:00,2099-02-01 00:00:00
3150,2350,DEPARTMENT,'테크플랫폼부-D20741',2024-12-15 00:00:00,2099-02-01 00:00:00
2941,2371,DEPARTMENT,"",1900-02-01 00:00:00,2024-12-15 00:00:00
2943,2372,DEPARTMENT,"",1900-02-01 00:00:00,2024-12-15 00:00:00
2959,2380,DEPARTMENT,"",1900-02-01 00:00:00,2024-12-15 00:00:00
2991,2396,DEPARTMENT,"",1900-02-01 00:00:00,2024-12-15 00:00:00
3151,2351,DEPARTMENT,'보험IT운영부-D30114',2024-12-15 00:00:00,2099-02-01 00:00:00
2901,2351,DEPARTMENT,"",1900-02-01 00:00:00,2024-12-15 00:00:00
3153,2353,DEPARTMENT,'테크플랫폼부-D20741',2024-12-15 00:00:00,2099-02-01 00:00:00
3155,2355,DEPARTMENT,'카드IT운영부-D30116',2024-12-15 00:00:00,2099-02-01 00:00:00
3157,2357,DEPARTMENT,'테크플랫폼부-D20741',2024-12-15 00:00:00,2099-02-01 00:00:00
3152,2352,DEPARTMENT,'테크플랫폼부-D20741',2024-12-15 00:00:00,2099-02-01 00:00:00
3154,2354,DEPARTMENT,'그룹사IT운영부-D30112',2024-12-15 00:00:00,2099-02-01 00:00:00
3156,2356,DEPARTMENT,'그룹사IT운영부-D30112',2024-12-15 00:00:00,2099-02-01 00:00:00
3158,2358,DEPARTMENT,'은행마케팅,2024-12-15 00:00:00,2099-02-01 00:00:00
3159,2359,DEPARTMENT,'글로벌사업추진부-D60001',2024-12-15 00:00:00,2099-02-01 00:00:00
3160,2360,DEPARTMENT,'테크플랫폼부-D20741',2024-12-15 00:00:00,2099-02-01 00:00:00
3161,2361,DEPARTMENT,'테크플랫폼부-D20741',2024-12-15 00:00:00,2099-02-01 00:00:00
3162,2362,DEPARTMENT,'테크플랫폼부-D20741',2024-12-15 00:00:00,2099-02-01 00:00:00
3163,2363,DEPARTMENT,'경영지원부-D80201',2024-12-15 00:00:00,2099-02-01 00:00:00
3164,2364,DEPARTMENT,'경영지원본부-D80056',2024-12-15 00:00:00,2099-02-01 00:00:00
3165,2365,DEPARTMENT,'은행마케팅,2024-12-15 00:00:00,2099-02-01 00:00:00
3166,2366,DEPARTMENT,'은행마케팅,2024-12-15 00:00:00,2099-02-01 00:00:00
3167,2367,DEPARTMENT,'보험IT운영부-D30114',2024-12-15 00:00:00,2099-02-01 00:00:00
3168,2368,DEPARTMENT,'Biz플랫폼부-D20742',2024-12-15 00:00:00,2099-02-01 00:00:00
2935,2368,DEPARTMENT,"",1900-02-01 00:00:00,2024-12-15 00:00:00
3169,2369,DEPARTMENT,'글로벌사업추진부-D60001',2024-12-15 00:00:00,2099-02-01 00:00:00
3170,2370,DEPARTMENT,'글로벌사업추진부-D60001',2024-12-15 00:00:00,2099-02-01 00:00:00
3171,2371,DEPARTMENT,'카드IT운영부-D30116',2024-12-15 00:00:00,2099-02-01 00:00:00
3172,2372,DEPARTMENT,'Biz플랫폼부-D20742',2024-12-15 00:00:00,2099-02-01 00:00:00
3173,2373,DEPARTMENT,'Biz플랫폼부-D20742',2024-12-15 00:00:00,2099-02-01 00:00:00
3174,2374,DEPARTMENT,'그룹사IT운영부-D30112',2024-12-15 00:00:00,2099-02-01 00:00:00
3175,2375,DEPARTMENT,'은행마케팅,2024-12-15 00:00:00,2099-02-01 00:00:00
3176,2376,DEPARTMENT,'보험IT운영부-D30114',2024-12-15 00:00:00,2099-02-01 00:00:00
3177,2377,DEPARTMENT,'은행SO사업부-D20736',2024-12-15 00:00:00,2099-02-01 00:00:00
3178,2378,DEPARTMENT,'Biz플랫폼부-D20742',2024-12-15 00:00:00,2099-02-01 00:00:00
3179,2379,DEPARTMENT,'테크플랫폼부-D20741',2024-12-15 00:00:00,2099-02-01 00:00:00
3180,2380,DEPARTMENT,'경영지원본부-D80056',2024-12-15 00:00:00,2099-02-01 00:00:00
3181,2381,DEPARTMENT,'카드IT운영부-D30116',2024-12-15 00:00:00,2099-02-01 00:00:00
3182,2382,DEPARTMENT,'경영지원본부-D80056',2024-12-15 00:00:00,2099-02-01 00:00:00
3183,2383,DEPARTMENT,'은행SO사업부-D20736',2024-12-15 00:00:00,2099-02-01 00:00:00
3184,2384,DEPARTMENT,'테크플랫폼부-D20741',2024-12-15 00:00:00,2099-02-01 00:00:00
3185,2385,DEPARTMENT,'은행SO사업부-D20736',2024-12-15 00:00:00,2099-02-01 00:00:00
3186,2386,DEPARTMENT,'테크플랫폼부-D20741',2024-12-15 00:00:00,2099-02-01 00:00:00
3187,2387,DEPARTMENT,'MSP사업부-D91020',2024-12-15 00:00:00,2099-02-01 00:00:00
3188,2388,DEPARTMENT,'은행마케팅,2024-12-15 00:00:00,2099-02-01 00:00:00
3189,2389,DEPARTMENT,'MSP사업부-D91020',2024-12-15 00:00:00,2099-02-01 00:00:00
3190,2390,DEPARTMENT,'은행SO사업부-D20736',2024-12-15 00:00:00,2099-02-01 00:00:00
3191,2391,DEPARTMENT,'그룹사IT운영부-D30112',2024-12-15 00:00:00,2099-02-01 00:00:00
3192,2392,DEPARTMENT,'글로벌사업추진부-D60001',2024-12-15 00:00:00,2099-02-01 00:00:00
3193,2393,DEPARTMENT,'테크플랫폼부-D20741',2024-12-15 00:00:00,2099-02-01 00:00:00
3194,2394,DEPARTMENT,'그룹사IT운영부-D30112',2024-12-15 00:00:00,2099-02-01 00:00:00
3195,2395,DEPARTMENT,'그룹사IT운영부-D30112',2024-12-15 00:00:00,2099-02-01 00:00:00
3196,2396,DEPARTMENT,'카드IT운영부-D30116',2024-12-15 00:00:00,2099-02-01 00:00:00
3197,2397,DEPARTMENT,'테크플랫폼부-D20741',2024-12-15 00:00:00,2099-02-01 00:00:00
3198,2398,DEPARTMENT,'그룹사IT운영부-D30112',2024-12-15 00:00:00,2099-02-01 00:00:00
3199,2399,DEPARTMENT,'그룹사마케팅,2024-12-15 00:00:00,2099-02-01 00:00:00
3200,2400,DEPARTMENT,'Biz플랫폼부-D20742',2024-12-15 00:00:00,2099-02-01 00:00:00
3201,2401,DEPARTMENT,'카드IT운영부-D30116',2024-12-15 00:00:00,2099-02-01 00:00:00
3202,2402,OFFICE,"",1900-02-01 00:00:00,2099-02-01 00:00:00
3203,2402,DEPARTMENT,"",1900-02-01 00:00:00,2099-02-01 00:00:00
3204,2403,OFFICE,"",1900-02-01 00:00:00,2099-02-01 00:00:00
3205,2403,DEPARTMENT,"",1900-02-01 00:00:00,2099-02-01 00:00:00
3206,2404,OFFICE,"",1900-02-01 00:00:00,2099-02-01 00:00:00
3207,2404,DEPARTMENT,"",1900-02-01 00:00:00,2099-02-01 00:00:00
3208,2405,OFFICE,"",1900-02-01 00:00:00,2099-02-01 00:00:00
3209,2405,DEPARTMENT,"",1900-02-01 00:00:00,2099-02-01 00:00:00
3210,2406,OFFICE,"",1900-02-01 00:00:00,2099-02-01 00:00:00
3211,2406,DEPARTMENT,"",1900-02-01 00:00:00,2099-02-01 00:00:00
3212,2407,OFFICE,"",1900-02-01 00:00:00,2099-02-01 00:00:00
3213,2407,DEPARTMENT,"",1900-02-01 00:00:00,2099-02-01 00:00:00
4004,2202,OFFICE,사무실,2025-01-19 00:00:00,2099-02-01 00:00:00
2602,2202,OFFICE,"",1900-02-01 00:00:00,2025-01-19 00:00:00
